AAKER,AARGH,AARON,AARTI,AASEN,ABABA,ABACK,ABACO,ABADI,ABAIR,ABARE,ABASH,ABATE,ABBAS,ABBEY,ABBIE,ABBOT,ABDEL,ABDUL,ABEDI,ABELA,ABELE,ABELL,ABELN,ABELS,ABEND,ABERG,ABERT,ABHOR,ABIAM,ABIDE,ABILA,ABITZ,ABLED,ABLER,ABLES,ABNER,ABNEY,ABODE,ABOOD,ABORN,ABORT,ABOTT,ABOUD,ABOUT,ABOVE,ABRAM,ABREU,ABRIL,ABROL,ABRON,ABUSE,ABUTS,ABUZZ,ABYSS,ABZUG,ACARY,ACCEL,ACCOR,ACCRA,ACERO,ACETO,ACHED,ACHEE,ACHES,ACHEY,ACHOA,ACHOO,ACHOR,ACIDS,ACKER,ACMAT,ACOFF,ACORD,ACORN,ACOTT,ACREE,ACRES,ACREY,ACRID,ACTED,ACTEL,ACTIN,ACTON,ACTOR,ACTUS,ACUFF,ACUNA,ACURA,ACUTE,ADAGE,ADAIR,ADAME,ADAMI,ADAMO,ADAMS,ADAPT,ADAZA,ADCOX,ADDED,ADDEO,ADDER,ADDIE,ADDIS,ADDLE,ADELA,ADELE,ADELL,ADENA,ADEPT,ADGER,ADHAM,ADIEU,ADINA,ADINE,ADIOS,ADISQ,ADLAI,ADLER,ADLEY,ADLON,ADMAN,ADMEN,ADMIN,ADMIT,ADNAN,ADNEY,ADOBE,ADOLF,ADOPT,ADORA,ADORE,ADORN,ADRDA,ADREA,ADRIA,ADSIT,ADTEC,ADULT,ADVIL,AEGIS,AEGON,AERIE,AERTS,AESOP,AETNA,AFFIX,AFIRE,AFMED,AFOOT,AFOUL,AFTER,AFULA,AGAIN,AGANA,AGANS,AGAPE,AGARD,AGASP,AGATE,AGENT,AGERS,AGGIE,AGILE,AGING,AGINS,AGIUS,AGLER,AGLOW,AGNER,AGNES,AGNEW,AGNOR,AGNOS,AGONY,AGORA,AGREE,AHART,AHEAD,AHERN,AHLEN,AHLES,AHLIN,AHMAD,AHMED,AHNER,AHOLA,AHOLD,AHREN,AHUJA,AICHI,AIDAN,AIDED,AIDEN,AIDES,AIDID,AIKEN,AIKEY,AIKIN,AILEE,AILES,AILEY,AILOR,AILSA,AIMAL,AIMAN,AIMED,AIMEE,AINGE,AIPAC,AIRCO,AIRED,AIRES,AIREY,AISHA,AISLE,AITON,AJAMI,AJITO,AKAKA,AKALI,AKANA,AKARD,AKBAR,AKENS,AKERS,AKIBA,AKIKO,AKINS,AKIRA,AKITA,AKIVA,AKRON,AKZOS,ALAFI,ALAIN,ALAIR,ALAMO,ALANA,ALAND,ALANE,ALANN,ALARD,ALARM,ALBAN,ALBEA,ALBEE,ALBEN,ALBER,ALBIE,ALBIN,ALBRO,ALBUM,ALBUS,ALCAN,ALCEE,ALCOA,ALCON,ALDAY,ALDEN,ALDER,ALDIN,ALDIS,ALDUS,ALDYS,ALEDA,ALEDO,ALEEN,ALEJO,ALENA,ALENE,ALEPH,ALERT,ALESI,ALETA,ALEVE,ALEXA,ALEXI,ALEXS,ALEXY,ALFIE,ALFIN,ALFRE,ALGAE,ALGAL,ALGAR,ALGEO,ALGER,ALGIE,ALGOL,ALGOM,ALIAS,ALIBI,ALICE,ALIDA,ALIEN,ALIFF,ALIGN,ALIJA,ALIKE,ALIMA,ALINA,ALINE,ALIRE,ALISA,ALITA,ALITO,ALIVE,ALLAH,ALLAN,ALLAR,ALLAY,ALLEE,ALLEN,ALLER,ALLES,ALLEY,ALLIE,ALLIN,ALLIS,ALLOR,ALLOT,ALLOW,ALLOY,ALLUM,ALLYN,ALLYS,ALMAL,ALMAN,ALMAS,ALMAY,ALMER,ALMON,ALMOS,ALMYS,ALOFT,ALOHA,ALOIA,ALOIS,ALOKA,ALONE,ALONG,ALONI,ALOOF,ALOUD,ALOYS,ALPER,ALPEX,ALPHA,ALPIN,ALRED,ALROY,ALSIP,ALSOP,ALSUP,ALTAI,ALTAR,ALTAY,ALTER,ALTOM,ALTON,ALTOS,ALTRA,ALTUS,ALUMS,ALURA,ALVAH,ALVAN,ALVES,ALVEY,ALVIN,ALVIS,ALWIN,ALWYN,ALYCE,ALYEA,AMADO,AMANA,AMANN,AMANO,AMARA,AMARI,AMARO,AMASA,AMASS,AMATI,AMATO,AMAYA,AMAZE,AMBAC,AMBER,AMBLE,AMBOY,AMBRA,AMCOR,AMDEC,AMDEK,AMDUR,AMEEN,AMELL,AMEND,AMENT,AMERI,AMERO,AMERY,AMFAC,AMGEN,AMICK,AMICO,AMIDI,AMIGA,AMIGO,AMINO,AMIOT,AMIRI,AMISH,AMISS,AMITY,AMMAN,AMMON,AMNIO,AMOCO,AMONG,AMORE,AMORY,AMOSS,AMOUR,AMPAD,AMPAL,AMPCO,AMPEX,AMPLE,AMPLY,AMPOL,AMREP,AMSCO,AMUCK,AMUSE,AMWAY,ANAND,ANAST,ANAYA,ANCEL,ANCHO,ANDAL,ANDEL,ANDER,ANDES,ANDIE,ANDIS,ANDRE,ANDRY,ANFAL,ANGEL,ANGER,ANGIE,ANGIO,ANGLE,ANGLO,ANGRY,ANGST,ANGUS,ANIAK,ANISE,ANITA,ANKER,ANKLE,ANNAL,ANNAN,ANNAS,ANNEN,ANNEX,ANNIE,ANNIS,ANNOY,ANNUL,ANNUM,ANODE,ANONA,ANORA,ANRIG,ANSEL,ANSIN,ANSON,ANTAL,ANTAR,ANTEC,ANTED,ANTES,ANTIC,ANTIS,ANTLE,ANTOL,ANTON,ANTOS,ANTSY,ANVIL,ANWAR,ANWAY,ANWYL,ANYON,ANZIO,ANZUS,AORTA,APACE,APACS,APART,APCAR,APFEL,APGAR,APHID,APING,APLIN,APNEA,APOPA,APPEL,APPIA,APPLE,APPLY,APPRO,APREA,APRIL,APRON,APSEY,APTER,APTLY,AQABA,ARABE,ARABS,ARAKI,ARANA,ARANT,ARATA,ARAYA,ARBAT,ARBED,ARBEL,ARBOR,ARCEO,ARCOS,ARDEN,ARDIN,ARDIS,ARDOR,ARDRA,AREAS,ARENA,AREND,ARENS,ARENT,ARENZ,ARETA,ARGON,ARGOT,ARGUE,ARGUS,ARIAN,ARIAS,ARICO,ARIDA,ARIEL,ARIES,ARISE,ARIZA,ARJUN,ARKIN,ARKLA,ARLEN,ARLEY,ARLIE,ARLIN,ARMAN,ARMAS,ARMCO,ARMED,ARMEL,ARMEN,ARMER,ARMES,ARMEY,ARMIN,ARMON,ARMOR,ARNAL,ARNAZ,ARNDT,ARNER,ARNEY,ARNIE,ARNOT,ARNOW,ARNOX,ARNST,ARNTZ,AROMA,ARONE,ARONS,ARORA,AROSE,ARPIN,ARRAY,ARRIS,ARROW,ARSES,ARSON,ARSOV,ARTER,ARTES,ARTIE,ARTIS,ARTON,ARTRA,ARTSY,ARTUR,ARTUS,ARTZT,ARUBA,ARVAD,ARVAL,ARVAY,ARVEL,ARVEY,ARVID,ARVIN,ARWEN,ARYAN,ASAHI,ASARO,ASATO,ASCAP,ASCHE,ASCII,ASCOT,ASEAN,ASHBY,ASHEN,ASHER,ASHES,ASHEY,ASHIS,ASHOK,ASHUR,ASIAN,ASICS,ASIDE,ASIEL,ASKED,ASKER,ASKEW,ASKEY,ASKIN,ASLAN,ASLIN,ASMAN,ASMUS,ASNER,ASPEN,ASPER,ASPIN,ASSAD,ASSAF,ASSAM,ASSAY,ASSED,ASSES,ASSET,ASTER,ASTIN,ASTLE,ASTON,ASTOR,ASTRA,ASTRO,ASWIN,ATARI,ATCOR,ATHAS,ATHEY,ATHIE,ATICO,ATKIN,ATLAN,ATLAS,ATLER,ATLEY,ATMEL,ATNIP,ATOLL,ATOMS,ATONE,ATRIA,ATTAR,ATTIC,ATTIE,AUBEL,AUBER,AUBIN,AUBLE,AUBRY,AUDAS,AUDEN,AUDET,AUDIA,AUDIO,AUDIS,AUDIT,AUDRY,AUGAT,AUGER,AUGHT,AUGUR,AUKER,AULDS,AUMAN,AUNTS,AURAL,AUREA,AURIA,AURUM,AUTEN,AUTON,AUTOS,AUTRY,AUVIL,AVAIL,AVANA,AVANT,AVDEL,AVENA,AVENI,AVENT,AVERA,AVERS,AVERT,AVERY,AVIAN,AVICE,AVILA,AVINA,AVNER,AVNET,AVOID,AVRAM,AVRIL,AVRIM,AVTEX,AWACS,AWAIT,AWAKE,AWALT,AWARD,AWARE,AWASH,AWAYS,AWFUL,AWOKE,AXIAL,AXIOM,AXLES,AXLEY,AXLON,AXONS,AXSOM,AXTON,AYAKO,AYALA,AYARS,AYBAR,AYDAR,AYDIN,AYERS,AYGEN,AYLER,AYLES,AYLOR,AYNES,AYOUB,AYRES,AYTES,AYUSO,AYYAD,AZERI,AZHAR,AZOFF,AZTAR,AZTEC,AZUKA,AZURA,AZURE,BAACK,BAADE,BAARS,BAATZ,BABAR,BABBS,BABEL,BABER,BABES,BABIC,BABIK,BABIN,BABKA,BACCI,BACHA,BACHE,BACIK,BACKE,BACKS,BACON,BACOT,BACUS,BADAL,BADEN,BADER,BADGE,BADIA,BADLY,BAEHR,BAETZ,BAEZA,BAFFA,BAGAN,BAGBY,BAGEL,BAGGE,BAGGS,BAGGY,BAHAM,BAHAN,BAHIA,BAHIR,BAHLS,BAHRE,BAIER,BAILA,BAILE,BAILS,BAILY,BAINE,BAINS,BAIRD,BAISE,BAITS,BAITY,BAIUL,BAIZE,BAKED,BAKER,BAKES,BAKEY,BAKKE,BAKOS,BAKST,BALAN,BALAS,BALBI,BALBO,BALCH,BALDI,BALDO,BALER,BALES,BALEY,BALFE,BALIK,BALIN,BALIS,BALKE,BALKO,BALKS,BALKY,BALLA,BALLE,BALLI,BALLO,BALLS,BALLY,BALMS,BALMY,BALOG,BALON,BALOW,BALSA,BALTO,BALTZ,BAMBA,BAMBI,BAMUT,BANAL,BANAS,BANCA,BANCO,BANDA,BANDS,BANDT,BANDY,BANES,BANET,BANEY,BANFF,BANGE,BANGO,BANGS,BANIA,BANIK,BANIS,BANJA,BANJO,BANKE,BANKO,BANKS,BANOS,BANTA,BANTU,BANTZ,BANYA,BANYU,BAPNA,BARAK,BARAM,BARAN,BARBA,BARBE,BARBO,BARBS,BARBY,BARCA,BARCH,BARCO,BARDO,BARED,BARES,BAREY,BARGA,BARGE,BARGO,BARIL,BARIS,BARKE,BARKO,BARKS,BARNA,BARNO,BARNS,BARNY,BARON,BAROS,BARRA,BARRE,BARRO,BARRS,BARRY,BARSH,BARTA,BARTH,BARTL,BARTO,BARTS,BARTZ,BASAL,BASAM,BASCH,BASCO,BASED,BASEL,BASER,BASES,BASEY,BASHA,BASIC,BASIE,BASIL,BASIM,BASIN,BASIS,BASIX,BASKS,BASLE,BASON,BASRA,BASSA,BASSE,BASSI,BASSO,BASTA,BASTE,BASYE,BATAN,BATAT,BATCH,BATED,BATES,BATEY,BATHE,BATHS,BATIE,BATIK,BATON,BATOR,BATRA,BATTE,BATTS,BATTY,BATUS,BAUCH,BAUER,BAUGH,BAUTZ,BAUZA,BAVER,BAVIS,BAWDY,BAWER,BAWLS,BAYAR,BAYED,BAYER,BAYES,BAYLE,BAYLY,BAYNE,BAYOG,BAYOU,BAYSE,BAYUK,BAYUL,BAYUS,BAZAN,BAZAR,BEACH,BEADS,BEADY,BEAHM,BEALE,BEALL,BEALS,BEAMS,BEANE,BEANS,BEARA,BEARD,BEARE,BEARS,BEARY,BEAST,BEATA,BEATO,BEATS,BEATY,BEAUX,BEBEE,BEBER,BEBOP,BECCA,BECHT,BECKA,BECKI,BECKS,BECKY,BECOR,BEDEL,BEDKE,BEEBE,BEEBY,BEECH,BEECK,BEEDE,BEEDY,BEEFS,BEEFY,BEEKS,BEENE,BEENS,BEEPS,BEERS,BEERY,BEESE,BEETS,BEFFA,BEFIT,BEGAN,BEGAT,BEGAY,BEGEL,BEGER,BEGET,BEGGS,BEGIN,BEGOT,BEGUE,BEGUN,BEHAN,BEHAR,BEHLE,BEHNE,BEHOF,BEIER,BEIGE,BEINE,BEING,BEINY,BEIRA,BEITZ,BEJAR,BEKAA,BEKER,BEKKI,BELAK,BELCH,BELEM,BELEN,BELET,BELEW,BELGE,BELGO,BELIE,BELIN,BELKA,BELKE,BELKO,BELLA,BELLE,BELLI,BELLM,BELLO,BELLS,BELLY,BELOV,BELOW,BELTH,BELTS,BELTZ,BELUE,BELVA,BEMAN,BEMIS,BENAK,BENCE,BENCH,BENDA,BENDS,BENDT,BENEL,BENES,BENET,BENGE,BENGT,BENIN,BENJA,BENJY,BENKE,BENKO,BENNE,BENNO,BENNY,BENOY,BENTE,BENTO,BENTZ,BENYO,BERAN,BERCH,BEREA,BERES,BERET,BERGE,BERGH,BERGS,BERIA,BERKA,BERKE,BERKO,BERLE,BERLS,BERMS,BERNA,BERND,BERNE,BERNI,BERNS,BERNT,BERNY,BERON,BERRA,BERRI,BERRY,BERST,BERTA,BERTE,BERTH,BERTI,BERTY,BERTZ,BERYL,BESAW,BESCH,BESET,BESKE,BESSE,BESSO,BESSY,BESTE,BETAR,BETAS,BETEL,BETKE,BETSY,BETTA,BETTE,BETTI,BETTS,BETTY,BEULA,BEURY,BEUYS,BEVAN,BEVEL,BEVEN,BEVER,BEVIL,BEVIN,BEVIS,BEYER,BEZEK,BHATT,BIAGI,BIALY,BIANA,BIASI,BIBBO,BIBBS,BIBBY,BIBEE,BIBER,BIBLE,BICEP,BIDCO,BIDDY,BIDEN,BIDLO,BIEDA,BIEHL,BIEHN,BIELA,BIERI,BIERS,BIERY,BIETZ,BIGAN,BIGBY,BIGGS,BIGHT,BIGOS,BIGOT,BIHAC,BIJAC,BIJAN,BIJUR,BIKED,BIKER,BIKES,BIKIN,BILBO,BILBY,BILDT,BILEK,BILES,BILKA,BILKO,BILLE,BILLS,BILLY,BILOW,BILTZ,BILYK,BIMBO,BINDS,BINES,BINGA,BINGE,BINGO,BINNS,BINTZ,BIOME,BIRCH,BIRDS,BIRDY,BIRES,BIRGE,BIRKS,BIRKY,BIRLE,BIRON,BIROS,BIRTH,BISCH,BISEK,BISEL,BISER,BISIG,BISON,BISSO,BITAR,BITCH,BITER,BITES,BITSY,BITTY,BIVEN,BIVIN,BIXBY,BIXEL,BIZET,BIZUB,BIZZY,BJORK,BJORN,BLACK,BLADE,BLAGG,BLAHA,BLAIN,BLAIR,BLAIS,BLAKE,BLAME,BLANC,BLAND,BLANE,BLANK,BLANN,BLARE,BLASE,BLASI,BLASS,BLAST,BLATT,BLATZ,BLAUM,BLAZE,BLEAK,BLEAM,BLEAU,BLECH,BLECK,BLEED,BLEEP,BLEHM,BLEIL,BLEND,BLESS,BLEST,BLICK,BLIDA,BLIGH,BLIMP,BLIND,BLINK,BLINN,BLIPS,BLISH,BLISS,BLITZ,BLIXT,BLOAT,BLOBS,BLOCH,BLOCK,BLOCS,BLOEM,BLOGS,BLOHM,BLOKE,BLOME,BLOND,BLOOD,BLOOM,BLOOR,BLOSE,BLOSS,BLOTS,BLOWE,BLOWN,BLOWS,BLOWY,BLOYD,BLUED,BLUER,BLUES,BLUEY,BLUFF,BLUHM,BLUME,BLUNK,BLUNT,BLURB,BLURS,BLURT,BLUSH,BLUST,BLUTH,BLYTH,BOAKE,BOALS,BOARD,BOART,BOASE,BOAST,BOATS,BOBAK,BOBBI,BOBBO,BOBBY,BOBEK,BOBER,BOBST,BOCCE,BOCEK,BOCHE,BODDY,BODEN,BODES,BODEY,BODIE,BODIN,BODLE,BOECK,BOEGE,BOEHL,BOEHM,BOEKE,BOERS,BOESE,BOEVE,BOFFA,BOFFO,BOGAN,BOGAR,BOGEN,BOGER,BOGEY,BOGGS,BOGIE,BOGIN,BOGLE,BOGOR,BOGUE,BOGUS,BOHAC,BOHAN,BOHEN,BOHLE,BOHNE,BOHON,BOICE,BOIES,BOIKE,BOILS,BOINK,BOISE,BOISI,BOKER,BOKOR,BOLAM,BOLAN,BOLAR,BOLCH,BOLDA,BOLDS,BOLDT,BOLEK,BOLEN,BOLER,BOLES,BOLEY,BOLIN,BOLIO,BOLLA,BOLLE,BOLLS,BOLON,BOLSA,BOLTE,BOLTS,BOLTZ,BOLUS,BOMAG,BOMAN,BOMAR,BOMBA,BOMBS,BOMER,BONAR,BONDE,BONDI,BONDS,BONDT,BONDY,BONED,BONER,BONES,BONET,BONEY,BONGO,BONIN,BONNE,BONNY,BONTA,BONTE,BONUM,BONUS,BONZO,BOOBS,BOOBY,BOOCK,BOODY,BOOED,BOOEE,BOOKS,BOOLE,BOOMS,BOONE,BOONS,BOORD,BOORS,BOOSE,BOOST,BOOTE,BOOTH,BOOTS,BOOTY,BOOTZ,BOOZE,BOOZY,BOPHA,BORAH,BORAK,BORAL,BORAX,BORBA,BORCK,BORDA,BORED,BOREK,BOREL,BOREN,BORER,BORES,BORGE,BORIC,BORIN,BORIS,BORJA,BORNE,BORNS,BORON,BOROS,BORRE,BORSE,BORST,BORTH,BORTZ,BORUM,BORUP,BORYS,BOSAK,BOSCH,BOSCO,BOSER,BOSKO,BOSMA,BOSOM,BOSQI,BOSSE,BOSSI,BOSSO,BOSSY,BOTCH,BOTHA,BOTHE,BOTIN,BOTON,BOTOS,BOTOX,BOTTA,BOTTS,BOUCH,BOUCK,BOUGH,BOUIE,BOULE,BOUMA,BOUND,BOURG,BOURN,BOUSE,BOUTS,BOUZA,BOVEE,BOVEN,BOVEY,BOVIK,BOVIN,BOWAR,BOWED,BOWEL,BOWEN,BOWER,BOWES,BOWIE,BOWLS,BOWNE,BOWSE,BOXED,BOXER,BOXES,BOYAN,BOYAR,BOYCE,BOYDE,BOYEA,BOYER,BOYES,BOYKO,BOYLE,BOYNE,BOYTE,BOYUM,BOZEK,BOZIC,BOZOS,BOZZA,BOZZI,BOZZO,BRACE,BRACH,BRACK,BRACY,BRADT,BRADY,BRAER,BRAFF,BRAGA,BRAGG,BRAGS,BRAHM,BRAID,BRAIN,BRAKE,BRALY,BRAME,BRAMS,BRAND,BRANI,BRANK,BRANN,BRANT,BRANZ,BRASE,BRASH,BRASS,BRATS,BRATT,BRATZ,BRAUD,BRAUN,BRAVE,BRAVO,BRAWL,BRAWN,BRCKO,BREAD,BREAK,BREAM,BREAN,BREAU,BRECK,BRECO,BREDA,BREDE,BREED,BREEN,BREES,BREGE,BREHM,BREIT,BREMS,BRENN,BRENT,BREON,BRESS,BREST,BRETH,BRETT,BRETZ,BREWS,BREZA,BRIAN,BRIAR,BRIBE,BRICE,BRICK,BRIDE,BRIEF,BRIEL,BRIEN,BRIER,BRILL,BRIMM,BRINE,BRING,BRINK,BRINN,BRION,BRISK,BRITA,BRITE,BRITO,BRITS,BRITT,BRITZ,BROAD,BROCE,BROCK,BRODA,BRODE,BRODT,BRODY,BROER,BROIL,BROIN,BROKE,BROMM,BRONC,BRONK,BRONN,BRONS,BRONX,BRONY,BROOD,BROOK,BROOM,BROSE,BROSH,BROSS,BROST,BROSZ,BROTH,BROTT,BROUN,BROWE,BROWN,BROWS,BRUCE,BRUCH,BRUCK,BRUEN,BRUER,BRUFF,BRUGH,BRUHA,BRUHL,BRUHN,BRUIN,BRULE,BRUMM,BRUNA,BRUNE,BRUNI,BRUNK,BRUNN,BRUNO,BRUNS,BRUNT,BRUSE,BRUSH,BRUSO,BRUSS,BRUST,BRUTE,BRUUN,BRYAN,BRYCE,BRYEN,BRYER,BRYNA,BRYNE,BRYON,BUBAR,BUBBA,BUBEL,BUBKA,BUCCI,BUCCO,BUCEK,BUCEY,BUCHE,BUCHI,BUCHS,BUCKO,BUCKS,BUCKY,BUDAI,BUDAY,BUDDE,BUDDY,BUDER,BUDGE,BUDIN,BUDKA,BUDKE,BUDNY,BUEGE,BUEHL,BUELL,BUENA,BUENO,BUFFA,BUFFO,BUFFS,BUFFY,BUGAI,BUGAJ,BUGAY,BUGGE,BUGGS,BUGGY,BUGLE,BUGSY,BUICE,BUICK,BUILD,BUILT,BUIST,BUJAK,BUKAR,BUKER,BULAT,BULBS,BULEN,BULEY,BULGE,BULIN,BULKY,BULLA,BULLS,BULLY,BULOW,BUMPS,BUMPY,BUNCE,BUNCH,BUNDA,BUNDE,BUNDS,BUNDY,BUNGE,BUNKE,BUNKS,BUNNI,BUNNY,BUNOL,BUNTE,BUNTZ,BUNZL,BUONO,BUOYS,BURAK,BURAN,BURAS,BURBA,BURBY,BURCH,BURCK,BURDA,BURDI,BURDO,BUREK,BUREL,BUREN,BURES,BURGE,BURGO,BURGY,BURKE,BURKS,BURLY,BURMA,BURNE,BURNS,BURNT,BUROW,BURPO,BURRI,BURRO,BURRY,BURSE,BURST,BURTS,BURTT,BUSAM,BUSBY,BUSCH,BUSED,BUSER,BUSES,BUSEY,BUSHA,BUSHY,BUSIC,BUSKE,BUSSA,BUSSE,BUSSI,BUSTA,BUSTI,BUSTO,BUSTS,BUSTY,BUTCH,BUTKA,BUTTE,BUTTS,BUTYL,BUXOM,BUYER,BUZAN,BUZBY,BUZEK,BUZZE,BUZZY,BYARD,BYARS,BYBEE,BYERS,BYHAM,BYKER,BYLAW,BYLER,BYLES,BYNER,BYNES,BYNOE,BYNUM,BYRAM,BYRER,BYRGE,BYRLE,BYRNE,BYRNS,BYROM,BYRON,BYRUM,BYTES,BYWAY,CABAL,CABAN,CABBY,CABEY,CABIN,CABLE,CABOK,CABOT,CACAO,CACHE,CACHO,CACLD,CACTI,CADAM,CADBY,CADDY,CADET,CADIZ,CADLE,CADRE,CAFES,CAGAN,CAGED,CAGES,CAGEY,CAGLE,CAHAN,CAINE,CAIRE,CAIRN,CAIRO,CAITO,CAJUN,CAKED,CAKES,CALAF,CALAN,CALEB,CALEF,CALER,CALES,CALEY,CALIA,CALIF,CALIX,CALLA,CALLE,CALLS,CALLY,CALMA,CALMS,CALNY,CALOR,CALVI,CALVO,CALYX,CAMAN,CAMBY,CAMCO,CAMEL,CAMEO,CAMHI,CAMMY,CAMPA,CAMPI,CAMPO,CAMPS,CAMPY,CAMRO,CAMRY,CAMUS,CANAL,CANAM,CANAN,CANAS,CANBY,CANDY,CANED,CANES,CANEZ,CANIN,CANNY,CANOE,CANON,CANOY,CANSO,CANTO,CANTU,CANTV,CANTY,CANUP,CAPED,CAPEK,CAPEL,CAPEN,CAPER,CAPES,CAPLE,CAPON,CAPPA,CAPPO,CAPPS,CAPPY,CAPRA,CAPRI,CAPUA,CAPUT,CARAS,CARAT,CARBO,CARBY,CARDA,CARDS,CARDY,CARED,CAREL,CARER,CARES,CAREW,CAREY,CARGO,CARIE,CARIN,CARIS,CARLA,CARLE,CARLI,CARLL,CARLO,CARLS,CARLY,CARMA,CARMY,CARNE,CARNS,CAROB,CAROL,CARON,CAROW,CARRA,CARRE,CARRO,CARRY,CARSE,CARTA,CARTE,CARTS,CARTY,CARVE,CARYL,CARYN,CASAD,CASAL,CASAS,CASCO,CASES,CASEY,CASIO,CASKS,CASON,CASSO,CASTA,CASTE,CASTO,CASTS,CATCH,CATER,CATES,CATHY,CATOE,CATON,CATTO,CATTY,CAULK,CAUSE,CAVAN,CAVED,CAVEN,CAVER,CAVES,CAVEY,CAVIN,CAWSL,CAYCE,CAYER,CAYES,CAYNE,CDROM,CEARA,CEASE,CECIL,CECIN,CECOS,CEDAR,CEDED,CEDER,CEDES,CEJKA,CELEB,CELIA,CELIE,CELIO,CELIS,CELLA,CELLI,CELLO,CELLS,CELSO,CELTS,CEMEX,CENCI,CENTS,CERDA,CERES,CERIO,CERNA,CERNY,CERRA,CERRO,CERTO,CERUS,CERVI,CERYL,CESAR,CETEC,CETUS,CHACE,CHADD,CHAFE,CHAFF,CHAIM,CHAIN,CHAIR,CHAIT,CHALK,CHAMP,CHANA,CHAND,CHANG,CHANT,CHANY,CHAOS,CHAPA,CHAPP,CHAPS,CHARA,CHARD,CHARM,CHART,CHARY,CHASE,CHASM,CHATO,CHATS,CHATZ,CHAUS,CHAZZ,CHEAP,CHEAT,CHECK,CHEEK,CHEER,CHEFS,CHEIL,CHELF,CHELL,CHEMA,CHEMI,CHEMO,CHENG,CHERI,CHERN,CHERT,CHERY,CHESS,CHEST,CHEVY,CHEWS,CHEWY,CHIAT,CHIBA,CHICK,CHICO,CHIDE,CHIEF,CHIEN,CHILD,CHILE,CHILI,CHILL,CHIME,CHIMP,CHINA,CHING,CHINH,CHINK,CHINN,CHINO,CHIPS,CHIRP,CHISM,CHITA,CHITS,CHLOE,CHOAT,CHOCK,CHOIR,CHOKE,CHOMA,CHOMP,CHONG,CHOOK,CHOON,CHOPP,CHOPS,CHORD,CHORE,CHOSE,CHOWS,CHRIS,CHUAH,CHUAN,CHUBA,CHUBB,CHUBU,CHUCK,CHUDY,CHULA,CHUMP,CHUMS,CHUNG,CHUNK,CHUNN,CHUPP,CHURA,CHURN,CHUSE,CHUTE,CIANI,CIANO,CIBRO,CICCO,CICHY,CICIO,CIDER,CIERA,CIERI,CIFRA,CIGAR,CIGNA,CIHAK,CILAG,CILLO,CILVA,CINCH,CINCO,CINDY,CIPRI,CIRCA,CIROS,CISAR,CISCO,CISEK,CISLO,CITED,CITES,CITGO,CITIC,CITRO,CIVET,CIVIC,CIVIL,CIZEK,CIZIK,CLAAR,CLABO,CLACK,CLAES,CLAGG,CLAIM,CLAIR,CLAMP,CLAMS,CLANG,CLANK,CLANS,CLAPP,CLAPS,CLARA,CLARE,CLARK,CLARO,CLARY,CLASH,CLASP,CLASS,CLAUD,CLAUS,CLAWS,CLAYS,CLEAH,CLEAN,CLEAR,CLEAT,CLEEK,CLEFT,CLEGG,CLELL,CLEMO,CLERC,CLERK,CLEVA,CLEVE,CLEWS,CLICK,CLIFF,CLIFT,CLIMB,CLINE,CLING,CLINI,CLINK,CLINT,CLIPS,CLIVE,CLOAK,CLOCK,CLOER,CLOEY,CLOGS,CLOKE,CLONE,CLORE,CLOSE,CLOSS,CLOTH,CLOTS,CLOTT,CLOUD,CLOUT,CLOWN,CLOYD,CLUBB,CLUBS,CLUCK,CLUED,CLUES,CLUFF,CLUMP,CLUNE,CLUNG,CLUNK,CLUNY,CLUTE,CLYDE,CLYNE,CLYTE,CLYVE,CNNFN,COACH,COADY,COALE,COALS,COAST,COATE,COATS,COBBS,COBEN,COBEY,COBIA,COBIN,COBLE,COBOL,COBOS,COBRA,COBRE,COCCA,COCCO,COCKE,COCKS,COCKY,COCOA,COCOM,COCOS,CODAG,CODAY,CODED,CODER,CODES,COEDS,COEUR,COFER,COGAN,COGAR,COGER,COHAN,COHEA,COHEE,COHEN,COHRS,COILE,COILS,COINS,COIPA,COIRO,COKER,COKES,COKIE,COLAB,COLAN,COLAO,COLAS,COLAW,COLBY,COLDS,COLEE,COLEN,COLER,COLES,COLEY,COLIN,COLIS,COLLA,COLLE,COLLI,COLLY,COLON,COLOR,COLTS,COMAN,COMAS,COMBE,COMBO,COMBS,COMBY,COMER,COMES,COMET,COMEX,COMFY,COMIC,COMLY,COMMA,COMPO,COMPU,CONAL,CONAN,CONCA,CONCH,CONDE,CONDO,CONES,CONEY,CONGA,CONGO,CONIC,CONLY,CONNY,CONRY,CONTE,CONTI,CONUS,COODY,COOKE,COOKS,COOLE,COOLS,COONE,COONS,COORS,COOSA,COOTE,COOTS,COPAS,COPCO,COPED,COPEN,COPES,COPPA,COPPS,COPRA,COPUS,CORAL,CORAM,CORBO,CORBU,CORBY,CORDA,CORDS,CORDY,COREA,COREL,COREN,CORES,COREY,CORGI,CORIA,CORIO,CORKS,CORKY,CORLE,CORNA,CORNE,CORNS,CORNY,CORPS,CORRY,CORSA,CORSE,CORSI,CORSO,CORTE,CORTI,CORUM,CORVA,CORVO,CORZO,COSBY,COSEY,COSIC,COSIO,COSMA,COSME,COSMO,COSSA,COSTA,COSTE,COSTS,COTES,COTTA,COTTO,COTTY,COUCH,COUEY,COUGH,COULD,COULL,COUNT,COUPE,COUPS,COURT,COURY,COUSE,COUSY,COUTO,COUTS,COUTU,COVAL,COVAS,COVEL,COVEN,COVER,COVES,COVET,COVEY,COVIA,COVIN,COWAN,COWED,COWEN,COWER,COWIE,COWIN,COXEN,COXON,COYER,COYLE,COYLY,COYNE,COZAD,COZBY,COZZA,COZZI,CRABB,CRABS,CRACE,CRACK,CRADY,CRAFT,CRAGG,CRAGO,CRAIB,CRAIG,CRAIL,CRAIN,CRALL,CRAMP,CRAMS,CRANE,CRANK,CRANS,CRAPO,CRAPS,CRARY,CRASE,CRASH,CRASS,CRATE,CRAUN,CRAVE,CRAWL,CRAXI,CRAYS,CRAZE,CRAZY,CREAK,CREAL,CREAM,CREAN,CREAR,CREDO,CREED,CREEK,CREEL,CREEP,CREER,CREES,CREGG,CREGO,CREKO,CREME,CREPE,CREPS,CREPT,CRESS,CREST,CRETE,CREWE,CREWS,CRIBB,CRIBS,CRICK,CRIED,CRIER,CRIES,CRILL,CRIME,CRIMI,CRIMM,CRIMP,CRIPE,CRIPS,CRISE,CRISP,CRISS,CRIST,CRITZ,CROAK,CROAT,CROCE,CROCK,CROFF,CROFT,CROIX,CROKE,CROLL,CRONE,CRONK,CRONY,CROOK,CROOM,CROON,CROPP,CROPS,CROSE,CROSS,CROUP,CROUT,CROVL,CROWD,CROWE,CROWL,CROWN,CROWS,CRUCE,CRUDE,CRUEA,CRUEL,CRUEY,CRULL,CRUMB,CRUME,CRUMM,CRUMP,CRUNK,CRUPI,CRUSE,CRUSH,CRUST,CRUTE,CRUZE,CRYAN,CRYER,CRYPT,CSPAN,CUBAN,CUBED,CUBES,CUBIC,CUBIT,CUCCI,CUDDY,CUERO,CUETO,CUEVA,CUFFE,CUFFS,CUING,CULEX,CULLY,CULPA,CULTS,CUMBO,CUMBY,CUMIN,CUNDY,CUNEO,CUNHA,CUOCO,CUOMO,CUONG,CUPID,CUPIT,CUPPS,CUPPY,CURBS,CURBY,CURCI,CURED,CURES,CURIE,CURIO,CURLE,CURLS,CURLY,CURRO,CURRY,CURSE,CURTI,CURTO,CURTS,CURVE,CURVY,CUSHY,CUSIC,CUSIP,CUTER,CUTTS,CUTTY,CYACQ,CYBER,CYCLE,CYERT,CYGAN,CYGNE,CYNDI,CYNIC,CYNTH,CYRAN,CYRIL,CYRIX,CYRUS,CYSTS,CZAJA,CZARS,CZECH,DAANE,DABAH,DABBS,DACEY,DACHA,DACIA,DACUS,DADDY,DAFFY,DAFNA,DAFOE,DAFSA,DAGAN,DAGEN,DAGER,DAGGS,DAGGY,DAGLE,DAGON,DAGUE,DAHER,DAHLE,DAHMS,DAIDO,DAIEI,DAILE,DAILY,DAINI,DAINS,DAIRY,DAISE,DAISY,DAIWA,DAJUN,DAKAR,DAKIN,DALAI,DALAL,DALBY,DALEN,DALEO,DALES,DALEY,DALIA,DALIS,DALKE,DALLA,DALLY,DALMA,DALMO,DALPE,DALTO,DAMAN,DAMAS,DAMER,DAMES,DAMME,DAMNS,DAMON,DAMPS,DANBY,DANCA,DANCE,DANCY,DANDO,DANDY,DANEK,DANER,DANES,DANEY,DANGO,DANIA,DANIS,DANJU,DANKO,DANKS,DANLY,DANNA,DANNY,DANOS,DANSO,DANTE,DANVY,DANZA,DANZY,DAOUD,DARAK,DARBY,DARCO,DARCY,DARED,DAREN,DARES,DARGA,DARIA,DARIN,DARIO,DARKE,DARLA,DARNS,DARPA,DARST,DARSY,DARTH,DARTS,DARTT,DARTY,DARYL,DASCH,DATAS,DATED,DATEK,DATES,DATUK,DATUM,DAUBE,DAUCH,DAUER,DAULT,DAUNT,DAVAO,DAVCO,DAVEE,DAVES,DAVEY,DAVIA,DAVID,DAVIE,DAVIN,DAVIR,DAVIS,DAVOS,DAVOX,DAWDY,DAWES,DAWIT,DAWNS,DAXOR,DAYAN,DAYCO,DAYLE,DAYNE,DAZED,DAZEY,DAZZO,DBASE,DEADY,DEAHL,DEALE,DEALS,DEALT,DEALY,DEANA,DEANE,DEANS,DEARY,DEASE,DEASY,DEATH,DEATS,DEBBY,DEBES,DEBIT,DEBOE,DEBOR,DEBOW,DEBOY,DEBRA,DEBTS,DEBUG,DEBUS,DEBUT,DECAF,DECAY,DECCA,DECKS,DECOM,DECOR,DECOU,DECOY,DECRY,DEDIC,DEEDS,DEEDY,DEELY,DEEMS,DEERE,DEERY,DEESE,DEETS,DEETZ,DEFEE,DEFEO,DEFER,DEFEX,DEFOE,DEGAN,DEGAS,DEGEN,DEGER,DEHNE,DEIFY,DEIGN,DEIHL,DEIKE,DEILY,DEION,DEISM,DEISS,DEIST,DEITY,DEITZ,DEJOY,DEKAY,DEKLE,DEKOM,DELAO,DELAP,DELAY,DELCO,DELEE,DELEO,DELFS,DELFT,DELHI,DELIA,DELIO,DELLA,DELLE,DELMA,DELPH,DELRE,DELTA,DELVE,DEMAN,DEMAR,DEMAS,DEMAY,DEMBY,DEMEL,DEMEO,DEMKO,DEMMA,DEMME,DEMON,DEMOS,DEMOV,DEMPS,DEMUR,DEMUS,DENBO,DENBY,DENDY,DENES,DENIM,DENIO,DENIS,DENIZ,DENKI,DENKO,DENNE,DENNO,DENNY,DENSE,DENTE,DENTS,DENWA,DENYS,DEPAZ,DEPEW,DEPOT,DEPOY,DEPPE,DEPTH,DEPUE,DEPUY,DERBY,DEREK,DEREN,DERIK,DERKS,DERMA,DEROO,DEROY,DERRY,DERUS,DESAI,DESCH,DESHA,DESIO,DESIR,DESKS,DESMA,DETAR,DETER,DETOX,DETRO,DETTY,DEUCE,DEUEL,DEUSS,DEUTZ,DEVAL,DEVAN,DEVER,DEVEY,DEVIL,DEVIN,DEVOE,DEVOL,DEVON,DEVOR,DEVOS,DEVOY,DEVRY,DEWAN,DEWAR,DEWEY,DEWIT,DEYOE,DHABI,DHAKA,DHALI,DHEIN,DHOLE,DHOWS,DIALS,DIANA,DIANE,DIARY,DIASA,DIAZO,DIBLE,DICED,DICEY,DICKE,DICKS,DICKY,DICTA,DICUS,DIDDY,DIECK,DIEDE,DIEGO,DIEHL,DIEHM,DIERS,DIERY,DIETL,DIETS,DIETZ,DIGBY,DIGGA,DIGGS,DIGIT,DIJON,DIKES,DILDO,DILDY,DILEO,DILES,DILIP,DILKS,DILLE,DILLS,DILLY,DILTS,DILTZ,DIMAS,DIMEO,DIMER,DIMES,DIMLY,DIMON,DIMRY,DINAH,DINAN,DINAR,DINDA,DINED,DINER,DINES,DINGO,DINGS,DINGY,DINKY,DINSA,DINSE,DIODE,DIONA,DIONE,DIPPY,DIRGE,DIRKS,DIRTY,DISCH,DISCO,DISCS,DISKS,DISON,DITCH,DITKA,DITSY,DITTO,DITTY,DIVAD,DIVAN,DIVAS,DIVED,DIVEN,DIVER,DIVES,DIVIS,DIVVY,DIXIE,DIXON,DIZON,DIZZY,DNASE,DOANE,DOANH,DOBBS,DOBEK,DOBER,DOBEY,DOBIE,DOBIS,DOBLE,DOBOJ,DOBOS,DOBRO,DOBRY,DOCIE,DOCKS,DODDS,DODGE,DODOS,DOEGE,DOELL,DOERR,DOERS,DOFFS,DOGAN,DOGGY,DOGLE,DOGMA,DOHME,DOHSE,DOILY,DOING,DOKEY,DOLAK,DOLAN,DOLBY,DOLCE,DOLCH,DOLED,DOLEN,DOLES,DOLEY,DOLFI,DOLIN,DOLLE,DOLLS,DOLLY,DOLPH,DOMAN,DOMAS,DOMED,DOMEK,DOMER,DOMES,DOMIN,DOMKE,DONAR,DONAT,DONDE,DONER,DONES,DONEY,DONIA,DONIS,DONNA,DONNE,DONNY,DONOR,DONUT,DONZE,DOODY,DOOMS,DOORN,DOORS,DOOSE,DOOZY,DOPED,DOPEY,DORAL,DORAN,DORCH,DOREA,DOREN,DORER,DOREY,DORFF,DORIA,DORIC,DORIE,DORIN,DORIO,DORIS,DORKO,DORMS,DORON,DOROW,DORSA,DORSI,DORST,DORTA,DOSCH,DOSER,DOSES,DOSHI,DOSIA,DOSIE,DOTAN,DOTEN,DOTTS,DOTTY,DOUBT,DOUDS,DOUGH,DOUGL,DOUMA,DOUPE,DOUSE,DOUTT,DOUTY,DOUWE,DOVEL,DOVER,DOVES,DOVEY,DOWDA,DOWDS,DOWDY,DOWEL,DOWEN,DOWER,DOWIE,DOWIS,DOWNE,DOWNS,DOWNY,DOWRY,DOWSE,DOWTY,DOXEY,DOXIE,DOYAL,DOYEL,DOYEN,DOYLE,DOYON,DOZED,DOZEN,DOZES,DRABS,DRACE,DRACH,DRACO,DRAFT,DRAGE,DRAGO,DRAGS,DRAIN,DRAKE,DRAMA,DRAMS,DRANE,DRANG,DRANK,DRAPE,DRAUS,DRAVO,DRAWL,DRAWN,DRAWS,DREAD,DREAM,DREDD,DREES,DREGS,DREIS,DRESS,DREWS,DRIBS,DRIED,DRIER,DRIES,DRIFT,DRILL,DRINA,DRING,DRINK,DRIPS,DRIVE,DROGE,DROID,DROKE,DROLL,DROMI,DRONE,DROOL,DROOP,DROPS,DROSS,DROST,DROVE,DROWN,DROZD,DRUCE,DRUCK,DRUGS,DRUID,DRUMM,DRUMS,DRUNK,DRUPE,DRURY,DRUSA,DRUSE,DRUZE,DRYER,DRYLY,DUALS,DUANA,DUANE,DUBAI,DUBAS,DUBAY,DUBBS,DUBEY,DUBHI,DUBIE,DUBIN,DUBIS,DUBOW,DUBUC,DUCAL,DUCEY,DUCHY,DUCKS,DUCKY,DUCTS,DUDAR,DUDAS,DUDDY,DUDEK,DUDEN,DUDES,DUDIK,DUELL,DUELS,DUENA,DUERR,DUETS,DUFEK,DUFFY,DUFUR,DUGAL,DUGAN,DUGAR,DUGAS,DUHON,DUKED,DUKER,DUKES,DULAC,DULAK,DULAY,DULCE,DULEY,DULIN,DULLE,DUMAN,DUMAS,DUMBO,DUMEZ,DUMKE,DUMMY,DUMPS,DUMPY,DUNAJ,DUNAY,DUNES,DUNJA,DUNKS,DUNNE,DUNNO,DUNST,DUONG,DUPAY,DUPED,DUPEE,DUPER,DUPES,DUPIN,DUPRE,DUPUY,DUQUE,DURAN,DURAY,DURCH,DUREE,DUREN,DURER,DURIE,DURIO,DURIS,DURON,DURSO,DURST,DURUM,DUSCH,DUSEK,DUSTS,DUSTY,DUSZA,DUTCH,DUTIL,DUTKA,DUTKO,DUTRA,DUTRO,DUVAL,DUZAN,DWANA,DWARF,DWECK,DWEEB,DWELL,DWELT,DWIRE,DWYER,DYANA,DYANE,DYBAS,DYCHE,DYCUS,DYESS,DYING,DYKAS,DYKES,DYLAN,DYLEX,DYMEK,DYNES,DYSAN,DYSON,DZIAK,DZIUK,EADDY,EADER,EADES,EADIE,EAGAN,EAGAR,EAGEN,EAGER,EAGLE,EAGON,EAKEN,EAKER,EAKES,EAKIN,EAKLE,EALES,EALEY,EAMER,EAMES,EAMON,EANES,EARED,EARLE,EARLL,EARLS,EARLY,EARNS,EARTH,EASCO,EASED,EASEL,EASES,EASIB,EASOM,EASON,EATEN,EATER,EATON,EAVES,EBANO,EBARB,EBBED,EBBEN,EBERL,EBERS,EBERT,EBLEN,EBLIN,EBNER,EBOLA,EBONY,EBRON,ECHOS,ECKEL,ECKER,ECKES,ECOLE,ECTON,ECTOR,EDANA,EDDIE,EDELL,EDEMA,EDENS,EDGAR,EDGED,EDGER,EDGES,EDGIN,EDICK,EDICT,EDIFY,EDINA,EDITH,EDITS,EDIVA,EDLER,EDLEY,EDLIN,EDLYN,EDMAN,EDMAR,EDNEY,EDOLF,EDPER,EDREA,EDRIC,EDRIS,EDSEL,EDSON,EDWIN,EDYTH,EELAM,EERIE,EFFIE,EFIRD,EFRON,EGERT,EGGED,EGGEN,EGGER,EGGUM,EGLER,EGLEY,EGLIN,EGNER,EGNEW,EGNOR,EGOLF,EGRET,EGYPT,EHLEN,EHLER,EHLKE,EHMAN,EHMEN,EHMKE,EHREN,EHRET,EHRIG,EHRKE,EIBEN,EIDEM,EIDEN,EIGEN,EIGHT,EILAN,EILER,EILEY,EILTS,EIMER,EINAR,EINON,EISAI,EISEL,EISEN,EISHI,EISIN,EISON,EITEL,EJECT,EKERN,EKEUS,EKING,EKINS,EKMAN,ELAND,ELANE,ELATA,ELATE,ELBER,ELBOW,ELCOR,ELDAR,ELDEN,ELDER,ELDIN,ELDON,ELECT,ELEEN,ELEGY,ELENA,ELENE,ELETR,ELFIE,ELFIN,ELGAR,ELGER,ELGIE,ELGIN,ELIAS,ELICH,ELICK,ELIHU,ELINE,ELIOT,ELISA,ELISE,ELISH,ELITE,ELIZA,ELJER,ELKES,ELKIN,ELLAN,ELLEN,ELLER,ELLEY,ELLIE,ELLIS,ELLYN,ELMAN,ELMER,ELMES,ELOPE,ELROD,ELRON,ELROY,ELSAS,ELSEA,ELSEN,ELSER,ELSES,ELSEY,ELSIE,ELSON,ELTON,ELUDE,ELVES,ELVIA,ELVIE,ELVIN,ELVIS,ELWAY,ELWIN,ELXSI,ELYSE,ELZEY,EMAIL,EMARD,EMBED,EMBER,EMBRY,EMCEE,EMENS,EMERA,EMERT,EMERY,EMICK,EMIGH,EMILE,EMILO,EMILY,EMINA,EMITS,EMLER,EMLEY,EMLYN,EMMEL,EMMER,EMMET,EMMIE,EMMIS,EMMIT,EMMYS,EMOND,EMORY,EMPEY,EMPIE,EMPTS,EMPTY,EMUIL,ENACT,ENASA,ENCOR,ENDED,ENDER,ENDOW,ENEMA,ENEMY,ENFOR,ENGEL,ENGEN,ENGER,ENGLE,ENIAC,ENITT,ENJOY,ENLOE,ENLOW,ENMAN,ENNEA,ENNEN,ENNES,ENNIS,ENNUI,ENOCH,ENOLA,ENRON,ENSCO,ENSEY,ENSOR,ENSUE,ENTER,ENTEX,ENTIN,ENTRE,ENTRY,ENVOS,ENVOY,ENZON,ENZOR,EPCOT,EPEDA,EPICS,EPLER,EPLEY,EPLIN,EPOCH,EPOXY,EPPEL,EPPES,EPPLE,EPROM,EPSCO,EPSOM,EPSON,EQUAL,EQUIP,ERALP,ERAMO,ERANY,ERASE,ERAZO,ERBER,ERBES,ERCEG,ERDOS,ERECT,ERENA,ERGLE,ERGOT,ERICA,ERICH,ERICK,ERIKA,ERINA,ERION,ERISA,ERKER,ERLER,ERMAN,ERMER,ERMIN,ERMIS,ERNEY,ERNIE,ERNST,ERODE,ERRED,ERRIA,ERROL,ERROR,ERTEL,ERTHA,ERTLE,ERUPT,ERVEN,ERVIN,ERWAY,ERWIN,ESBER,ESCHE,ESCOE,ESCUE,ESHAM,ESKER,ESKEW,ESKEY,ESKIN,ESLER,ESPER,ESPEY,ESQUE,ESREY,ESSAY,ESSEN,ESSER,ESSES,ESSEX,ESSIE,ESSIG,ESSON,ESTAI,ESTAN,ESTEE,ESTEL,ESTEP,ESTER,ESTES,ESTEY,ESTIS,ESTLE,ESTOK,ETESS,ETHAN,ETHEL,ETHER,ETHIC,ETHOS,ETHYL,ETOPS,ETSTY,ETTER,ETTIE,ETZEL,EULER,EUROS,EVADE,EVALD,EVANS,EVATT,EVENS,EVENT,EVERS,EVERT,EVERY,EVETT,EVIAN,EVICT,EVILS,EVINS,EVITA,EVITT,EVJEN,EVLYN,EVOKE,EVOLA,EVREN,EWALD,EWALT,EWART,EWBAL,EWELL,EWERS,EWERT,EWING,EWONG,EWTON,EXACT,EXALT,EXAMS,EXCEL,EXCOA,EXECS,EXERT,EXIDE,EXILE,EXIST,EXITS,EXLER,EXLEY,EXNER,EXPEL,EXPOS,EXTEL,EXTOL,EXTON,EXTRA,EXUDE,EXULT,EXXON,EYDIE,EYLER,EYMAN,EYNON,EYRIE,EYTON,EZELL,EZOLA,FABEL,FABER,FABIA,FABIO,FABLE,FABRE,FABRI,FABRY,FACED,FACER,FACES,FACET,FACEY,FACIE,FACTO,FACTS,FADED,FADEL,FADEN,FADER,FADES,FAETH,FAGAN,FAGEN,FAGER,FAGIN,FAHEY,FAHMY,FAILE,FAILS,FAINT,FAIRE,FAIRS,FAIRY,FAIST,FAITH,FAKED,FAKER,FAKES,FALBO,FALCK,FALCO,FALDO,FALER,FALES,FALEY,FALIK,FALIN,FALKE,FALLA,FALLS,FALOR,FALSE,FALVO,FAMED,FAMER,FANCY,FANGS,FANNY,FANTA,FANUC,FARAH,FARAI,FARCE,FARED,FARES,FARGE,FARGO,FARHA,FARIA,FARIS,FARLY,FARMS,FARON,FARRA,FARRO,FARRY,FARSI,FARVE,FASIG,FASON,FASTS,FATAH,FATAL,FATED,FATEH,FATES,FATHI,FATTY,FATWA,FAUCI,FAULK,FAULL,FAULT,FAUNA,FAURE,FAUSS,FAUST,FAUTH,FAVER,FAVIA,FAVOR,FAVRE,FAVRO,FAXED,FAXER,FAXES,FAXON,FAYED,FAYEZ,FAYME,FAYNE,FAZED,FAZIO,FEARN,FEARS,FEAST,FEATS,FECAL,FECES,FECHT,FEDAK,FEDER,FEDEX,FEDOR,FEEDS,FEELS,FEELY,FEENY,FEESE,FEGAN,FEGER,FEHER,FEICK,FEIGE,FEIGN,FEILD,FEINT,FEIST,FEITH,FEITZ,FEJES,FELAN,FELCH,FELDA,FELDE,FELDT,FELIM,FELIS,FELIX,FELIZ,FELLA,FELLS,FELON,FELPS,FELTS,FELTY,FELTZ,FEMIA,FEMME,FEMSA,FEMUR,FENCE,FENCL,FENDI,FENDS,FENDT,FENNO,FEOLA,FERAL,FERCH,FERIA,FERKO,FERMI,FERNS,FEROL,FERRA,FERRE,FERRI,FERRO,FERRY,FESER,FESTA,FESTS,FETAL,FETCH,FETED,FETID,FETTE,FETTY,FETUS,FEUDS,FEUER,FEUTZ,FEVER,FEWER,FEYEN,FIALA,FIATO,FIBER,FIBRE,FICCO,FICEK,FICKE,FICOM,FIDEL,FIDES,FIEFS,FIELD,FIEND,FIENE,FIERO,FIERS,FIERY,FIEST,FIFER,FIFTH,FIFTY,FIGEL,FIGGE,FIGGS,FIGHT,FIKES,FILBY,FILCH,FILED,FILER,FILES,FILET,FILIP,FILLA,FILLS,FILLY,FILMA,FILMS,FILTH,FINAL,FINAN,FINCH,FINCK,FINDS,FINED,FINER,FINES,FINEX,FINKE,FINKS,FINNE,FINNS,FIOLA,FIONA,FIORE,FIORI,FIPPS,FIRED,FIRES,FIRMA,FIRMS,FIRPO,FIRST,FIRTH,FISCH,FISER,FISHY,FISKE,FISTS,FITAK,FITCH,FITES,FITHE,FITTS,FIVES,FIXED,FIXER,FIXES,FIZER,FJELD,FJORD,FLACH,FLACK,FLAGG,FLAGS,FLAIG,FLAIL,FLAIM,FLAIR,FLAKE,FLAKY,FLAME,FLAMM,FLANK,FLANN,FLAPS,FLARE,FLASH,FLASK,FLATH,FLATO,FLATS,FLATT,FLAUM,FLAWN,FLAWS,FLEAS,FLECK,FLEEK,FLEER,FLEES,FLEET,FLEIG,FLESH,FLETA,FLETT,FLEUR,FLEXI,FLICK,FLIED,FLIER,FLIES,FLING,FLINK,FLINN,FLINT,FLIPS,FLIRT,FLISS,FLOAT,FLOCK,FLOHR,FLOOD,FLOOK,FLOOR,FLOPS,FLORA,FLORE,FLORI,FLORO,FLORY,FLOSS,FLOTT,FLOUR,FLOUT,FLOWE,FLOWN,FLOWS,FLOYD,FLUBS,FLUCK,FLUDD,FLUET,FLUFF,FLUHR,FLUID,FLUKE,FLUME,FLUNG,FLUNK,FLUOR,FLURY,FLUSH,FLUTE,FLUTY,FLYBY,FLYER,FLYNN,FLYNT,FOALE,FOAMS,FOAMY,FOARD,FOBBS,FOBEL,FOBES,FOCAL,FOCHT,FOCUS,FODOR,FOELL,FOGAL,FOGEL,FOGGY,FOGLE,FOILS,FOIST,FOISY,FOLAN,FOLCK,FOLDS,FOLEY,FOLHA,FOLIC,FOLKS,FOLLY,FOLSE,FOLTA,FOLTS,FOLTZ,FOMBY,FOMON,FONAR,FONDA,FONER,FONES,FONTE,FONTS,FOODS,FOOKS,FOOLS,FOONG,FOOSE,FOOTE,FORAN,FORAY,FORCE,FORDE,FORDS,FOREE,FORET,FOREX,FORGE,FORGO,FORGY,FORIE,FORIN,FORKS,FORMA,FORMS,FORNI,FORRY,FORSE,FORST,FORTE,FORTH,FORTI,FORTS,FORTY,FORUM,FORYS,FORZA,FOSCO,FOSIA,FOSSE,FOTIS,FOUAD,FOUCH,FOUHY,FOULK,FOULS,FOUND,FOURS,FOUSE,FOUST,FOUTS,FOUTY,FOUTZ,FOWLE,FOXES,FOYER,FOYLE,FRAAS,FRACE,FRADY,FRAGA,FRAGO,FRAHM,FRAIL,FRAIM,FRAIN,FRAME,FRANA,FRANC,FRANE,FRANK,FRANO,FRANS,FRANZ,FRAPH,FRARY,FRASE,FRATE,FRAUD,FRAUM,FRAYN,FRAZE,FREAD,FREAK,FREAN,FREAR,FREAS,FRECH,FRECK,FREDA,FREDE,FREDO,FREED,FREEH,FREEL,FREEN,FREER,FREES,FREET,FREIA,FREID,FREIN,FREIS,FRELS,FREMD,FRENI,FRENZ,FREON,FRERE,FRESE,FRESH,FRETS,FRETT,FRETZ,FREUD,FREYA,FRIAR,FRIAS,FRICK,FRIDA,FRIED,FRIEL,FRIER,FRIES,FRIGO,FRIIS,FRILL,FRINK,FRISA,FRISK,FRIST,FRITH,FRITO,FRITS,FRITZ,FROCK,FRODO,FROGG,FROGS,FROHN,FROIO,FROLO,FROME,FROMM,FROND,FRONK,FRONT,FROSS,FROST,FROTH,FROWN,FROZE,FRUEH,FRUGE,FRUIN,FRUIT,FRUMP,FRUSH,FRUTH,FRYAR,FRYER,FUCCI,FUCHS,FUCKS,FUDDY,FUDGE,FUDGY,FUELS,FUGUE,FUJII,FUJIO,FUJIS,FUKUI,FULCO,FULKS,FULLY,FULOP,FULTS,FULTZ,FUMED,FUMES,FUMIO,FUNCK,FUNDS,FUNES,FUNGI,FUNKE,FUNKS,FUNKY,FUNNY,FUOCO,FUOSS,FUQUA,FURBY,FURER,FUREY,FURIA,FURNO,FUROR,FURRH,FURRY,FURSE,FURST,FURTH,FUSCO,FUSED,FUSES,FUSON,FUSSY,FUTCH,FUTON,FUZES,FUZZY,FYFFE,FYOCK,GABAY,GABBY,GABEL,GABER,GABIE,GABLE,GABON,GABOR,GACEK,GADDY,GAEDE,GAETA,GAETH,GAETZ,GAFFE,GAGAN,GAGEL,GAGEN,GAGER,GAGNE,GAHAN,GAHLI,GAIER,GAIGE,GAILE,GAILY,GAINS,GAJDA,GALAN,GALAS,GALAX,GALBO,GALEA,GALEB,GALEF,GALEN,GALER,GALES,GALEY,GALIE,GALIK,GALIN,GALKA,GALLA,GALLE,GALLI,GALLO,GALLS,GALUS,GAMAL,GAMBA,GAMCO,GAMEL,GAMER,GAMES,GAMET,GAMEZ,GAMMA,GAMUT,GANAS,GANCI,GANDA,GANDY,GANEM,GANES,GANEY,GANGE,GANGI,GANGL,GANGS,GANIC,GANIM,GANIS,GANOE,GANTT,GANTZ,GANUS,GAONA,GAPPA,GARAY,GARBE,GARBO,GARDA,GARDE,GARED,GAREY,GARIN,GARIS,GARMS,GARNO,GARON,GARPS,GARRO,GARRY,GARST,GARTH,GARZA,GASCA,GASES,GASKA,GASPE,GASPS,GATCH,GATED,GATES,GATOR,GATOS,GATTI,GATTY,GATZA,GAUCH,GAUDY,GAUER,GAUGE,GAUGH,GAULS,GAULT,GAUNA,GAUNT,GAUSE,GAUSS,GAUZE,GAVAN,GAVEL,GAVEN,GAVER,GAVIN,GAWEL,GAWEN,GAWKY,GAWNE,GAYDA,GAYER,GAYLE,GAZDA,GAZED,GAZES,GEARS,GEARY,GEBEL,GECKO,GEEKS,GEEKY,GEENA,GEERS,GEESE,GEEZE,GEHLE,GEHRT,GEHRY,GEICO,GEIER,GEIGY,GEISE,GEISS,GEIST,GEITZ,GEKAS,GEKKO,GELCO,GELLI,GELPI,GELTZ,GEMCO,GEMEX,GEMMA,GEMME,GENCO,GENES,GENET,GENEX,GENIE,GENIS,GENNA,GENOA,GENRE,GENTS,GENTZ,GENUS,GEOFF,GEOID,GEORG,GERAN,GERDA,GEREN,GERIG,GERKE,GERME,GERMS,GERON,GEROW,GERRI,GERRY,GERSH,GERST,GERTH,GERTY,GERTZ,GESCO,GESKE,GETER,GETTS,GETTY,GEYER,GHADA,GHALI,GHANA,GHEEN,GHENT,GHOSE,GHOSH,GHOST,GHOUL,GIANG,GIANT,GIARD,GIBAS,GIBBS,GIBBY,GIBES,GIDDY,GIDEL,GIECK,GIERE,GIESE,GIFFY,GIFTS,GIGER,GIGOT,GIKAS,GILBO,GILBY,GILDA,GILES,GILLE,GILLS,GILLY,GILTS,GIMLI,GIMME,GINAS,GINES,GINNY,GINSU,GINTY,GINTZ,GINZA,GIOIA,GIRDS,GIREN,GIRLS,GIROD,GIRON,GIRTH,GISSI,GITHA,GITTO,GIVAN,GIVEN,GIVER,GIVES,GIZMO,GIZZI,GLAAB,GLACE,GLADD,GLADE,GLADU,GLAHN,GLAND,GLANZ,GLARE,GLASS,GLATT,GLATZ,GLAUB,GLAUS,GLAWE,GLAXO,GLAZA,GLAZE,GLEAM,GLEAN,GLEBA,GLEDA,GLEIM,GLEMP,GLENN,GLENS,GLESS,GLICK,GLIDE,GLINT,GLITZ,GLOAM,GLOAT,GLOBE,GLOBO,GLOBS,GLOCK,GLOMB,GLOOM,GLOOR,GLORE,GLORI,GLORY,GLOSS,GLOVE,GLOWS,GLOYD,GLUCK,GLUED,GLUES,GLUNT,GLUNZ,GLUTH,GLUTS,GLYNN,GNANN,GNARL,GNASH,GNATS,GNAWS,GNOME,GOALS,GOANS,GOARD,GOATS,GOBEL,GOBEN,GOBER,GOBIE,GOBIN,GOBLE,GOCKE,GODAR,GODBY,GODEK,GODIN,GODLY,GODOT,GODOY,GOEAS,GOEDE,GOEKE,GOELZ,GOENS,GOERS,GOETZ,GOGAN,GOGEL,GOGHS,GOING,GOINS,GOJKO,GOKEY,GOLAB,GOLAN,GOLAS,GOLAY,GOLBA,GOLDA,GOLDE,GOLDS,GOLDY,GOLEC,GOLEM,GOLEN,GOLEY,GOLFS,GOLGI,GOLGO,GOLLA,GOLLE,GOLLY,GOLOB,GOLTZ,GOLUB,GOMER,GOMES,GOMEZ,GONAD,GONCE,GONDA,GONER,GONET,GONGS,GONIA,GONNA,GONYA,GONYO,GONZO,GOOCH,GOODA,GOODE,GOODS,GOODY,GOOEY,GOOFS,GOOFY,GOOGE,GOOLD,GOONS,GOOSE,GOPAC,GOPAL,GOPRO,GORAL,GORAN,GORBY,GORDA,GORDY,GORED,GOREE,GOREN,GORES,GOREY,GORGE,GORIA,GORIN,GORIS,GORKA,GORKI,GORKY,GORNY,GORUM,GOSCH,GOSHA,GOSSE,GOTCH,GOTTA,GOTTI,GOTTS,GOUDE,GOUDY,GOUGE,GOUGH,GOUIN,GOULD,GOURD,GOUTY,GOVAN,GOVEA,GOVER,GOVPX,GOWAN,GOWDY,GOWEN,GOWER,GOWIN,GOWNS,GOYER,GOYIM,GOYKO,GOYNE,GRABE,GRABS,GRACE,GRACI,GRACO,GRACY,GRADE,GRADO,GRADS,GRADY,GRAEF,GRAFE,GRAFF,GRAFT,GRAGE,GRAGG,GRAHL,GRAHN,GRAIL,GRAIN,GRALL,GRAMA,GRAMM,GRAMS,GRANA,GRAND,GRANO,GRANT,GRANZ,GRAPE,GRAPH,GRASP,GRASS,GRATA,GRATE,GRATZ,GRAUE,GRAUL,GRAVE,GRAVY,GRAWE,GRAYE,GRAYS,GRAZE,GREAR,GREAT,GREBE,GRECH,GRECO,GREDE,GREED,GREEK,GREEN,GREER,GREET,GREFE,GREFF,GREGA,GREGG,GREGO,GREIF,GREIG,GREIM,GREIN,GREIS,GRELL,GRENZ,GRESH,GRESS,GRETA,GRETE,GRETH,GRETZ,GREVE,GREWE,GRICE,GRIDS,GRIEB,GRIEF,GRIEP,GRIER,GRIES,GRIFF,GRIGG,GRILL,GRIMA,GRIME,GRIMM,GRIMY,GRIND,GRINE,GRING,GRINS,GRIPE,GRIPP,GRIPS,GRISE,GRIST,GRITS,GRITZ,GROAN,GROAT,GROBE,GROCE,GROCH,GRODE,GROEN,GROEP,GROER,GROFF,GROFT,GROGG,GROHS,GROIN,GROLL,GROMA,GRONE,GROOM,GROOS,GROOT,GROPE,GROPP,GROSE,GROSH,GROSS,GROSZ,GROTE,GROTH,GROTZ,GROUP,GROUT,GROVE,GROWE,GROWL,GROWN,GROWS,GRUBA,GRUBB,GRUBE,GRUBS,GRUEL,GRUEN,GRUET,GRUFF,GRUHN,GRUIS,GRUMP,GRUND,GRUNT,GRUPE,GRUPO,GRUPP,GRUSH,GRUSS,GRUZA,GRZYB,GSELL,GTECH,GUANO,GUARD,GUAVA,GUBER,GUCCI,GUCWA,GUESS,GUEST,GUFFY,GUGEL,GUICE,GUIDA,GUIDE,GUIDI,GUIDO,GUIER,GUILD,GUILE,GUILL,GUILT,GUINN,GUION,GUIRE,GUISE,GULAG,GULAS,GULCH,GULFS,GULLA,GULLI,GULLO,GULLS,GULLY,GULPS,GUMBI,GUMBO,GUMBS,GUMMI,GUMMY,GUMPP,GUNBY,GUNDY,GUNIA,GUNNY,GUNST,GUNTY,GUPPY,GUPTA,GURAL,GURIT,GURKA,GURRY,GURTZ,GURUS,GUSES,GUSKY,GUSSY,GUSTE,GUSTO,GUSTS,GUSTY,GUTSY,GUYER,GUYNN,GUYON,GUYOT,GUZEK,GUZIK,GUZZI,GUZZO,GWINN,GWYNN,GYGER,GYLES,GYNEX,GYPSY,GYROS,GYTHA,HAACK,HAAKE,HAASE,HAASS,HABEL,HABER,HABIB,HABIG,HABIT,HABLE,HACKE,HACKL,HACKS,HADAD,HADEN,HADER,HADES,HADID,HAESE,HAFEN,HAFER,HAFEY,HAFEZ,HAFIF,HAFTA,HAFTS,HAGAN,HAGAR,HAGEE,HAGEL,HAGEN,HAGER,HAGEY,HAGGE,HAGIN,HAGLE,HAGUE,HAHNE,HAIDA,HAIFA,HAIGH,HAIKU,HAILE,HAILS,HAINS,HAIRE,HAIRR,HAIRS,HAIRY,HAIST,HAITH,HAITI,HAJDU,HAJEK,HAKAN,HAKES,HAKIM,HAKKI,HAKKO,HAKON,HALAS,HALEN,HALES,HALEY,HALIK,HALKO,HALLA,HALLE,HALLS,HALLY,HALMI,HALON,HALOS,HALTS,HALVE,HAMAD,HAMAL,HAMAN,HAMAR,HAMAS,HAMBY,HAMED,HAMEL,HAMER,HAMES,HAMID,HAMIL,HAMME,HAMON,HAMOR,HAMPE,HAMRE,HANAK,HANAN,HANAS,HANBO,HANBY,HANCE,HANDA,HANDS,HANDY,HANEL,HANER,HANES,HANEY,HANFT,HANGS,HANKE,HANKO,HANKS,HANKY,HANLY,HANNA,HANNI,HANNY,HANOI,HANSA,HANTA,HANTZ,HANUS,HANWA,HAPAG,HAPKE,HAPPE,HAPPY,HAQUE,HARAN,HARDS,HARDT,HARDY,HAREM,HAREN,HARER,HARES,HARFF,HARIG,HARIS,HARIZ,HARJO,HARJU,HARKE,HARKS,HARLE,HARMS,HARNE,HARPE,HARPO,HARPS,HARRA,HARRE,HARRY,HARSH,HARTE,HARTH,HARTL,HARTS,HARTT,HARTY,HARTZ,HARUO,HARVE,HASAN,HASCH,HASEK,HASER,HASHI,HASID,HASKE,HASSE,HASTA,HASTE,HASTY,HATCH,HATED,HATEM,HATER,HATES,HATON,HATTY,HAUCH,HAUCK,HAUER,HAUFF,HAUGE,HAUGH,HAUKE,HAULS,HAUNT,HAUPT,HAURY,HAUSA,HAUSE,HAUSS,HAUTE,HAUTH,HAVAS,HAVEL,HAVEN,HAVER,HAVES,HAVEY,HAVIS,HAVOC,HAWES,HAWKE,HAWKS,HAYDN,HAYDU,HAYEK,HAYEN,HAYER,HAYES,HAYNE,HAYSE,HAZAN,HAZEL,HAZEN,HAZLE,HEADS,HEADY,HEAGY,HEALD,HEALS,HEALY,HEAPE,HEAPS,HEARD,HEARL,HEARN,HEARS,HEART,HEATH,HEATS,HEAVE,HEAVY,HEBDA,HEBEI,HEBEL,HEBER,HECCO,HECHT,HECLA,HECOX,HEDDA,HEDDY,HEDGE,HEDIN,HEEDS,HEEKE,HEELS,HEESE,HEFEI,HEFTI,HEFTY,HEGEL,HEGER,HEGGE,HEGNA,HEGYI,HEHIR,HEICK,HEICO,HEIDE,HEIDI,HEIDT,HEIER,HEIGL,HEIKO,HEIMS,HEINE,HEINI,HEINL,HEINO,HEINS,HEINY,HEINZ,HEIRS,HEISE,HEISS,HEIST,HEITZ,HEIWA,HEJNA,HELDS,HELDT,HELEN,HELGA,HELIE,HELIN,HELIX,HELKE,HELLE,HELLO,HELMA,HELME,HELMS,HELOT,HELPS,HEMAN,HEMBY,HEMEL,HEMLO,HEMME,HEMRY,HENAO,HENCE,HENCH,HENDY,HENES,HENEY,HENIE,HENIN,HENKE,HENLE,HENLY,HENNA,HENNE,HENRI,HENRY,HENSE,HENTZ,HENZE,HEPPE,HERBS,HERDA,HERDS,HERDT,HERIN,HERMS,HERNE,HEROD,HERON,HEROS,HERRE,HERRO,HERSH,HERST,HERTA,HERTZ,HERVE,HESCH,HESIK,HESSE,HETTI,HETTY,HEUER,HEVEY,HEVIA,HEWER,HEWES,HEWEY,HEYDE,HEYDT,HEYEN,HEYER,HEYNE,HEYSE,HIATT,HIBBS,HIBMA,HIBOR,HICFA,HICKS,HIDEO,HIDER,HIDES,HIEMS,HIERS,HIETT,HIGBY,CATCH,CATER,CATES,CATHY,CATOE,CATON,CATTO,CATTY,CAULK,CAUSE,CAVAN,CAVED,CAVEN,CAVER,CAVES,CAVEY,CAVIN,CAWSL,CAYCE,CAYER,CAYES,CAYNE,CDROM,CEARA,CEASE,CECIL,CECIN,CECOS,CEDAR,CEDED,CEDER,CEDES,CEJKA,CELEB,CELIA,CELIE,CELIO,CELIS,CELLA,CELLI,CELLO,CELLS,CELSO,CELTS,CEMEX,CENCI,CENTS,CERDA,CERES,CERIO,CERNA,CERNY,CERRA,CERRO,CERTO,CERUS,CERVI,CERYL,CESAR,CETEC,CETUS,CHACE,CHADD,CHAFE,CHAFF,CHAIM,CHAIN,CHAIR,CHAIT,CHALK,CHAMP,CHANA,CHAND,CHANG,CHANT,CHANY,CHAOS,CHAPA,CHAPP,CHAPS,CHARA,CHARD,CHARM,CHART,CHARY,CHASE,CHASM,CHATO,CHATS,CHATZ,CHAUS,CHAZZ,CHEAP,CHEAT,CHECK,CHEEK,CHEER,CHEFS,CHEIL,CHELF,CHELL,CHEMA,CHEMI,CHEMO,CHENG,CHERI,CHERN,CHERT,CHERY,CHESS,CHEST,CHEVY,CHEWS,CHEWY,CHIAT,CHIBA,CHICK,CHICO,CHIDE,CHIEF,CHIEN,CHILD,CHILE,CHILI,CHILL,CHIME,CHIMP,CHINA,CHING,CHINH,CHINK,CHINN,CHINO,CHIPS,CHIRP,CHISM,CHITA,CHITS,CHLOE,CHOAT,CHOCK,CHOIR,CHOKE,CHOMA,CHOMP,CHONG,CHOOK,CHOON,CHOPP,CHOPS,CHORD,CHORE,CHOSE,CHOWS,CHRIS,CHUAH,CHUAN,CHUBA,CHUBB,CHUBU,CHUCK,CHUDY,CHULA,CHUMP,CHUMS,CHUNG,CHUNK,CHUNN,CHUPP,CHURA,CHURN,CHUSE,CHUTE,CIANI,CIANO,CIBRO,CICCO,CICHY,CICIO,CIDER,CIERA,CIERI,CIFRA,CIGAR,CIGNA,CIHAK,CILAG,CILLO,CILVA,CINCH,CINCO,CINDY,CIPRI,CIRCA,CIROS,CISAR,CISCO,CISEK,CISLO,CITED,CITES,CITGO,CITIC,CITRO,CIVET,CIVIC,CIVIL,CIZEK,CIZIK,CLAAR,CLABO,CLACK,CLAES,CLAGG,CLAIM,CLAIR,CLAMP,CLAMS,CLANG,CLANK,CLANS,CLAPP,CLAPS,CLARA,CLARE,CLARK,CLARO,CLARY,CLASH,CLASP,CLASS,CLAUD,CLAUS,CLAWS,CLAYS,CLEAH,CLEAN,CLEAR,CLEAT,CLEEK,CLEFT,CLEGG,CLELL,CLEMO,CLERC,CLERK,CLEVA,CLEVE,CLEWS,CLICK,CLIFF,CLIFT,CLIMB,CLINE,CLING,CLINI,CLINK,CLINT,CLIPS,CLIVE,CLOAK,CLOCK,CLOER,CLOEY,CLOGS,CLOKE,CLONE,CLORE,CLOSE,CLOSS,CLOTH,CLOTS,CLOTT,CLOUD,CLOUT,CLOWN,CLOYD,CLUBB,CLUBS,CLUCK,CLUED,CLUES,CLUFF,CLUMP,CLUNE,CLUNG,CLUNK,CLUNY,CLUTE,CLYDE,CLYNE,CLYTE,CLYVE,CNNFN,COACH,COADY,COALE,COALS,COAST,COATE,COATS,COBBS,COBEN,COBEY,COBIA,COBIN,COBLE,COBOL,COBOS,COBRA,COBRE,COCCA,COCCO,COCKE,COCKS,COCKY,COCOA,COCOM,COCOS,CODAG,CODAY,CODED,CODER,CODES,COEDS,COEUR,COFER,COGAN,COGAR,COGER,COHAN,COHEA,COHEE,COHEN,COHRS,COILE,COILS,COINS,COIPA,COIRO,COKER,COKES,COKIE,COLAB,COLAN,COLAO,COLAS,COLAW,COLBY,COLDS,COLEE,COLEN,COLER,COLES,COLEY,COLIN,COLIS,COLLA,COLLE,COLLI,COLLY,COLON,COLOR,COLTS,COMAN,COMAS,COMBE,COMBO,COMBS,COMBY,COMER,COMES,COMET,COMEX,COMFY,COMIC,COMLY,COMMA,COMPO,COMPU,CONAL,CONAN,CONCA,CONCH,CONDE,CONDO,CONES,CONEY,CONGA,CONGO,CONIC,CONLY,CONNY,CONRY,CONTE,CONTI,CONUS,COODY,COOKE,COOKS,COOLE,COOLS,COONE,COONS,COORS,COOSA,COOTE,COOTS,COPAS,COPCO,COPED,COPEN,COPES,COPPA,COPPS,COPRA,COPUS,CORAL,CORAM,CORBO,CORBU,CORBY,CORDA,CORDS,CORDY,COREA,COREL,COREN,CORES,COREY,CORGI,CORIA,CORIO,CORKS,CORKY,CORLE,CORNA,CORNE,CORNS,CORNY,CORPS,CORRY,CORSA,CORSE,CORSI,CORSO,CORTE,CORTI,CORUM,CORVA,CORVO,CORZO,COSBY,COSEY,COSIC,COSIO,COSMA,COSME,COSMO,COSSA,COSTA,COSTE,COSTS,COTES,COTTA,COTTO,COTTY,COUCH,COUEY,COUGH,COULD,COULL,COUNT,COUPE,COUPS,COURT,COURY,COUSE,COUSY,COUTO,COUTS,COUTU,COVAL,COVAS,COVEL,COVEN,COVER,COVES,COVET,COVEY,COVIA,COVIN,COWAN,COWED,COWEN,COWER,COWIE,COWIN,COXEN,COXON,COYER,COYLE,COYLY,COYNE,COZAD,COZBY,COZZA,COZZI,CRABB,CRABS,CRACE,CRACK,CRADY,CRAFT,CRAGG,CRAGO,CRAIB,CRAIG,CRAIL,CRAIN,CRALL,CRAMP,CRAMS,CRANE,CRANK,CRANS,CRAPO,CRAPS,CRARY,CRASE,CRASH,CRASS,CRATE,CRAUN,CRAVE,CRAWL,CRAXI,CRAYS,CRAZE,CRAZY,CREAK,CREAL,CREAM,CREAN,CREAR,CREDO,CREED,CREEK,CREEL,CREEP,CREER,CREES,CREGG,CREGO,CREKO,CREME,CREPE,CREPS,CREPT,CRESS,CREST,CRETE,CREWE,CREWS,CRIBB,CRIBS,CRICK,CRIED,CRIER,CRIES,CRILL,CRIME,CRIMI,CRIMM,CRIMP,CRIPE,CRIPS,CRISE,CRISP,CRISS,CRIST,CRITZ,CROAK,CROAT,CROCE,CROCK,CROFF,CROFT,CROIX,CROKE,CROLL,CRONE,CRONK,CRONY,CROOK,CROOM,CROON,CROPP,CROPS,CROSE,CROSS,CROUP,CROUT,CROVL,CROWD,CROWE,CROWL,CROWN,CROWS,CRUCE,CRUDE,CRUEA,CRUEL,CRUEY,CRULL,CRUMB,CRUME,CRUMM,CRUMP,CRUNK,CRUPI,CRUSE,CRUSH,CRUST,CRUTE,CRUZE,CRYAN,CRYER,CRYPT,CSPAN,CUBAN,CUBED,CUBES,CUBIC,CUBIT,CUCCI,CUDDY,CUERO,CUETO,CUEVA,CUFFE,CUFFS,CUING,CULEX,CULLY,CULPA,CULTS,CUMBO,CUMBY,CUMIN,CUNDY,CUNEO,CUNHA,CUOCO,CUOMO,CUONG,CUPID,CUPIT,CUPPS,CUPPY,CURBS,CURBY,CURCI,CURED,CURES,CURIE,CURIO,CURLE,CURLS,CURLY,CURRO,CURRY,CURSE,CURTI,CURTO,CURTS,CURVE,CURVY,CUSHY,CUSIC,CUSIP,CUTER,CUTTS,CUTTY,CYACQ,CYBER,CYCLE,CYERT,CYGAN,CYGNE,CYNDI,CYNIC,CYNTH,CYRAN,CYRIL,CYRIX,CYRUS,CYSTS,CZAJA,CZARS,CZECH,DAANE,DABAH,DABBS,DACEY,DACHA,DACIA,DACUS,DADDY,DAFFY,DAFNA,DAFOE,DAFSA,DAGAN,DAGEN,DAGER,DAGGS,DAGGY,DAGLE,DAGON,DAGUE,DAHER,DAHLE,DAHMS,DAIDO,DAIEI,DAILE,DAILY,DAINI,DAINS,DAIRY,DAISE,DAISY,DAIWA,DAJUN,DAKAR,DAKIN,DALAI,DALAL,DALBY,DALEN,DALEO,DALES,DALEY,DALIA,DALIS,DALKE,DALLA,DALLY,DALMA,DALMO,DALPE,DALTO,DAMAN,DAMAS,DAMER,DAMES,DAMME,DAMNS,DAMON,DAMPS,DANBY,DANCA,DANCE,DANCY,DANDO,DANDY,DANEK,DANER,DANES,DANEY,DANGO,DANIA,DANIS,DANJU,DANKO,DANKS,DANLY,DANNA,DANNY,DANOS,DANSO,DANTE,DANVY,DANZA,DANZY,DAOUD,DARAK,DARBY,DARCO,DARCY,DARED,DAREN,DARES,DARGA,DARIA,DARIN,DARIO,DARKE,DARLA,DARNS,DARPA,DARST,DARSY,DARTH,DARTS,DARTT,DARTY,DARYL,DASCH,DATAS,DATED,DATEK,DATES,DATUK,DATUM,DAUBE,DAUCH,DAUER,DAULT,DAUNT,DAVAO,DAVCO,DAVEE,DAVES,DAVEY,DAVIA,DAVID,DAVIE,DAVIN,DAVIR,DAVIS,DAVOS,DAVOX,DAWDY,DAWES,DAWIT,DAWNS,DAXOR,DAYAN,DAYCO,DAYLE,DAYNE,DAZED,DAZEY,DAZZO,DBASE,DEADY,DEAHL,DEALE,DEALS,DEALT,DEALY,DEANA,DEANE,DEANS,DEARY,DEASE,DEASY,DEATH,DEATS,DEBBY,DEBES,DEBIT,DEBOE,DEBOR,DEBOW,DEBOY,DEBRA,DEBTS,DEBUG,DEBUS,DEBUT,DECAF,DECAY,DECCA,DECKS,DECOM,DECOR,DECOU,DECOY,DECRY,DEDIC,DEEDS,DEEDY,DEELY,DEEMS,DEERE,DEERY,DEESE,DEETS,DEETZ,DEFEE,DEFEO,DEFER,DEFEX,DEFOE,DEGAN,DEGAS,DEGEN,DEGER,DEHNE,DEIFY,DEIGN,DEIHL,DEIKE,DEILY,DEION,DEISM,DEISS,DEIST,DEITY,DEITZ,DEJOY,DEKAY,DEKLE,DEKOM,DELAO,DELAP,DELAY,DELCO,DELEE,DELEO,DELFS,DELFT,DELHI,DELIA,DELIO,DELLA,DELLE,DELMA,DELPH,DELRE,DELTA,DELVE,DEMAN,DEMAR,DEMAS,DEMAY,DEMBY,DEMEL,DEMEO,DEMKO,DEMMA,DEMME,DEMON,DEMOS,DEMOV,DEMPS,DEMUR,DEMUS,DENBO,DENBY,DENDY,DENES,DENIM,DENIO,DENIS,DENIZ,DENKI,DENKO,DENNE,DENNO,DENNY,DENSE,DENTE,DENTS,DENWA,DENYS,DEPAZ,DEPEW,DEPOT,DEPOY,DEPPE,DEPTH,DEPUE,DEPUY,DERBY,DEREK,DEREN,DERIK,DERKS,DERMA,DEROO,DEROY,DERRY,DERUS,DESAI,DESCH,DESHA,DESIO,DESIR,DESKS,DESMA,DETAR,DETER,DETOX,DETRO,DETTY,DEUCE,DEUEL,DEUSS,DEUTZ,DEVAL,DEVAN,DEVER,DEVEY,DEVIL,DEVIN,DEVOE,DEVOL,DEVON,DEVOR,DEVOS,DEVOY,DEVRY,DEWAN,DEWAR,DEWEY,DEWIT,DEYOE,DHABI,DHAKA,DHALI,DHEIN,DHOLE,DHOWS,DIALS,DIANA,DIANE,DIARY,DIASA,DIAZO,DIBLE,DICED,DICEY,DICKE,DICKS,DICKY,DICTA,DICUS,DIDDY,DIECK,DIEDE,DIEGO,DIEHL,DIEHM,DIERS,DIERY,DIETL,DIETS,DIETZ,DIGBY,DIGGA,DIGGS,DIGIT,DIJON,DIKES,DILDO,DILDY,DILEO,DILES,DILIP,DILKS,DILLE,DILLS,DILLY,DILTS,DILTZ,DIMAS,DIMEO,DIMER,DIMES,DIMLY,DIMON,DIMRY,DINAH,DINAN,DINAR,DINDA,DINED,DINER,DINES,DINGO,DINGS,DINGY,DINKY,DINSA,DINSE,DIODE,DIONA,DIONE,DIPPY,DIRGE,DIRKS,DIRTY,DISCH,DISCO,DISCS,DISKS,DISON,DITCH,DITKA,DITSY,DITTO,DITTY,DIVAD,DIVAN,DIVAS,DIVED,DIVEN,DIVER,DIVES,DIVIS,DIVVY,DIXIE,DIXON,DIZON,DIZZY,DNASE,DOANE,DOANH,DOBBS,DOBEK,DOBER,DOBEY,DOBIE,DOBIS,DOBLE,DOBOJ,DOBOS,DOBRO,DOBRY,DOCIE,DOCKS,DODDS,DODGE,DODOS,DOEGE,DOELL,DOERR,DOERS,DOFFS,DOGAN,DOGGY,DOGLE,DOGMA,DOHME,DOHSE,DOILY,DOING,DOKEY,DOLAK,DOLAN,DOLBY,DOLCE,DOLCH,DOLED,DOLEN,DOLES,DOLEY,DOLFI,DOLIN,DOLLE,DOLLS,DOLLY,DOLPH,DOMAN,DOMAS,DOMED,DOMEK,DOMER,DOMES,DOMIN,DOMKE,DONAR,DONAT,DONDE,DONER,DONES,DONEY,DONIA,DONIS,DONNA,DONNE,DONNY,DONOR,DONUT,DONZE,DOODY,DOOMS,DOORN,DOORS,DOOSE,DOOZY,DOPED,DOPEY,DORAL,DORAN,DORCH,DOREA,DOREN,DORER,DOREY,DORFF,DORIA,DORIC,DORIE,DORIN,DORIO,DORIS,DORKO,DORMS,DORON,DOROW,DORSA,DORSI,DORST,DORTA,DOSCH,DOSER,DOSES,DOSHI,DOSIA,DOSIE,DOTAN,DOTEN,DOTTS,DOTTY,DOUBT,DOUDS,DOUGH,DOUGL,DOUMA,DOUPE,DOUSE,DOUTT,DOUTY,DOUWE,DOVEL,DOVER,DOVES,DOVEY,DOWDA,DOWDS,DOWDY,DOWEL,DOWEN,DOWER,DOWIE,DOWIS,DOWNE,DOWNS,DOWNY,DOWRY,DOWSE,DOWTY,DOXEY,DOXIE,DOYAL,DOYEL,DOYEN,DOYLE,DOYON,DOZED,DOZEN,DOZES,DRABS,DRACE,DRACH,DRACO,DRAFT,DRAGE,DRAGO,DRAGS,DRAIN,DRAKE,DRAMA,DRAMS,DRANE,DRANG,DRANK,DRAPE,DRAUS,DRAVO,DRAWL,DRAWN,DRAWS,DREAD,DREAM,DREDD,DREES,DREGS,DREIS,DRESS,DREWS,DRIBS,DRIED,DRIER,DRIES,DRIFT,DRILL,DRINA,DRING,DRINK,DRIPS,DRIVE,DROGE,DROID,DROKE,DROLL,DROMI,DRONE,DROOL,DROOP,DROPS,DROSS,DROST,DROVE,DROWN,DROZD,DRUCE,DRUCK,DRUGS,DRUID,DRUMM,DRUMS,DRUNK,DRUPE,DRURY,DRUSA,DRUSE,DRUZE,DRYER,DRYLY,DUALS,DUANA,DUANE,DUBAI,DUBAS,DUBAY,DUBBS,DUBEY,DUBHI,DUBIE,DUBIN,DUBIS,DUBOW,DUBUC,DUCAL,DUCEY,DUCHY,DUCKS,DUCKY,DUCTS,DUDAR,DUDAS,DUDDY,DUDEK,DUDEN,DUDES,DUDIK,DUELL,DUELS,DUENA,DUERR,DUETS,DUFEK,DUFFY,DUFUR,DUGAL,DUGAN,DUGAR,DUGAS,DUHON,DUKED,DUKER,DUKES,DULAC,DULAK,DULAY,DULCE,DULEY,DULIN,DULLE,DUMAN,DUMAS,DUMBO,DUMEZ,DUMKE,DUMMY,DUMPS,DUMPY,DUNAJ,DUNAY,DUNES,DUNJA,DUNKS,DUNNE,DUNNO,DUNST,DUONG,DUPAY,DUPED,DUPEE,DUPER,DUPES,DUPIN,DUPRE,DUPUY,DUQUE,DURAN,DURAY,DURCH,DUREE,DUREN,DURER,DURIE,DURIO,DURIS,DURON,DURSO,DURST,DURUM,DUSCH,DUSEK,DUSTS,DUSTY,DUSZA,DUTCH,DUTIL,DUTKA,DUTKO,DUTRA,DUTRO,DUVAL,DUZAN,DWANA,DWARF,DWECK,DWEEB,DWELL,DWELT,DWIRE,DWYER,DYANA,DYANE,DYBAS,DYCHE,DYCUS,DYESS,DYING,DYKAS,DYKES,DYLAN,DYLEX,DYMEK,DYNES,DYSAN,DYSON,DZIAK,DZIUK,EADDY,EADER,EADES,EADIE,EAGAN,EAGAR,EAGEN,EAGER,EAGLE,EAGON,EAKEN,EAKER,EAKES,EAKIN,EAKLE,EALES,EALEY,EAMER,EAMES,EAMON,EANES,EARED,EARLE,EARLL,EARLS,EARLY,EARNS,EARTH,EASCO,EASED,EASEL,EASES,EASIB,EASOM,EASON,EATEN,EATER,EATON,EAVES,EBANO,EBARB,EBBED,EBBEN,EBERL,EBERS,EBERT,EBLEN,EBLIN,EBNER,EBOLA,EBONY,EBRON,ECHOS,ECKEL,ECKER,ECKES,ECOLE,ECTON,ECTOR,EDANA,EDDIE,EDELL,EDEMA,EDENS,EDGAR,EDGED,EDGER,EDGES,EDGIN,EDICK,EDICT,EDIFY,EDINA,EDITH,EDITS,EDIVA,EDLER,EDLEY,EDLIN,EDLYN,EDMAN,EDMAR,EDNEY,EDOLF,EDPER,EDREA,EDRIC,EDRIS,EDSEL,EDSON,EDWIN,EDYTH,EELAM,EERIE,EFFIE,EFIRD,EFRON,EGERT,EGGED,EGGEN,EGGER,EGGUM,EGLER,EGLEY,EGLIN,EGNER,EGNEW,EGNOR,EGOLF,EGRET,EGYPT,EHLEN,EHLER,EHLKE,EHMAN,EHMEN,EHMKE,EHREN,EHRET,EHRIG,EHRKE,EIBEN,EIDEM,EIDEN,EIGEN,EIGHT,EILAN,EILER,EILEY,EILTS,EIMER,EINAR,EINON,EISAI,EISEL,EISEN,EISHI,EISIN,EISON,EITEL,EJECT,EKERN,EKEUS,EKING,EKINS,EKMAN,ELAND,ELANE,ELATA,ELATE,ELBER,ELBOW,ELCOR,ELDAR,ELDEN,ELDER,ELDIN,ELDON,ELECT,ELEEN,ELEGY,ELENA,ELENE,ELETR,ELFIE,ELFIN,ELGAR,ELGER,ELGIE,ELGIN,ELIAS,ELICH,ELICK,ELIHU,ELINE,ELIOT,ELISA,ELISE,ELISH,ELITE,ELIZA,ELJER,ELKES,ELKIN,ELLAN,ELLEN,ELLER,ELLEY,ELLIE,ELLIS,ELLYN,ELMAN,ELMER,ELMES,ELOPE,ELROD,ELRON,ELROY,ELSAS,ELSEA,ELSEN,ELSER,ELSES,ELSEY,ELSIE,ELSON,ELTON,ELUDE,ELVES,ELVIA,ELVIE,ELVIN,ELVIS,ELWAY,ELWIN,ELXSI,ELYSE,ELZEY,EMAIL,EMARD,EMBED,EMBER,EMBRY,EMCEE,EMENS,EMERA,EMERT,EMERY,EMICK,EMIGH,EMILE,EMILO,EMILY,EMINA,EMITS,EMLER,EMLEY,EMLYN,EMMEL,EMMER,EMMET,EMMIE,EMMIS,EMMIT,EMMYS,EMOND,EMORY,EMPEY,EMPIE,EMPTS,EMPTY,EMUIL,ENACT,ENASA,ENCOR,ENDED,ENDER,ENDOW,ENEMA,ENEMY,ENFOR,ENGEL,ENGEN,ENGER,ENGLE,ENIAC,ENITT,ENJOY,ENLOE,ENLOW,ENMAN,ENNEA,ENNEN,ENNES,ENNIS,ENNUI,ENOCH,ENOLA,ENRON,ENSCO,ENSEY,ENSOR,ENSUE,ENTER,ENTEX,ENTIN,ENTRE,ENTRY,ENVOS,ENVOY,ENZON,ENZOR,EPCOT,EPEDA,EPICS,EPLER,EPLEY,EPLIN,EPOCH,EPOXY,EPPEL,EPPES,EPPLE,EPROM,EPSCO,EPSOM,EPSON,EQUAL,EQUIP,ERALP,ERAMO,ERANY,ERASE,ERAZO,ERBER,ERBES,ERCEG,ERDOS,ERECT,ERENA,ERGLE,ERGOT,ERICA,ERICH,ERICK,ERIKA,ERINA,ERION,ERISA,ERKER,ERLER,ERMAN,ERMER,ERMIN,ERMIS,ERNEY,ERNIE,ERNST,ERODE,ERRED,ERRIA,ERROL,ERROR,ERTEL,ERTHA,ERTLE,ERUPT,ERVEN,ERVIN,ERWAY,ERWIN,ESBER,ESCHE,ESCOE,ESCUE,ESHAM,ESKER,ESKEW,ESKEY,ESKIN,ESLER,ESPER,ESPEY,ESQUE,ESREY,ESSAY,ESSEN,ESSER,ESSES,ESSEX,ESSIE,ESSIG,ESSON,ESTAI,ESTAN,ESTEE,ESTEL,ESTEP,ESTER,ESTES,ESTEY,ESTIS,ESTLE,ESTOK,ETESS,ETHAN,ETHEL,ETHER,ETHIC,ETHOS,ETHYL,ETOPS,ETSTY,ETTER,ETTIE,ETZEL,EULER,EUROS,EVADE,EVALD,EVANS,EVATT,EVENS,EVENT,EVERS,EVERT,EVERY,EVETT,EVIAN,EVICT,EVILS,EVINS,EVITA,EVITT,EVJEN,EVLYN,EVOKE,EVOLA,EVREN,EWALD,EWALT,EWART,EWBAL,EWELL,EWERS,EWERT,EWING,EWONG,EWTON,EXACT,EXALT,EXAMS,EXCEL,EXCOA,EXECS,EXERT,EXIDE,EXILE,EXIST,EXITS,EXLER,EXLEY,EXNER,EXPEL,EXPOS,EXTEL,EXTOL,EXTON,EXTRA,EXUDE,EXULT,EXXON,EYDIE,EYLER,EYMAN,EYNON,EYRIE,EYTON,EZELL,EZOLA,FABEL,FABER,FABIA,FABIO,FABLE,FABRE,FABRI,FABRY,FACED,FACER,FACES,FACET,FACEY,FACIE,FACTO,FACTS,FADED,FADEL,FADEN,FADER,FADES,FAETH,FAGAN,FAGEN,FAGER,FAGIN,FAHEY,FAHMY,FAILE,FAILS,FAINT,FAIRE,FAIRS,FAIRY,FAIST,FAITH,FAKED,FAKER,FAKES,FALBO,FALCK,FALCO,FALDO,FALER,FALES,FALEY,FALIK,FALIN,FALKE,FALLA,FALLS,FALOR,FALSE,FALVO,FAMED,FAMER,FANCY,FANGS,FANNY,FANTA,FANUC,FARAH,FARAI,FARCE,FARED,FARES,FARGE,FARGO,FARHA,FARIA,FARIS,FARLY,FARMS,FARON,FARRA,FARRO,FARRY,FARSI,FARVE,FASIG,FASON,FASTS,FATAH,FATAL,FATED,FATEH,FATES,FATHI,FATTY,FATWA,FAUCI,FAULK,FAULL,FAULT,FAUNA,FAURE,FAUSS,FAUST,FAUTH,FAVER,FAVIA,FAVOR,FAVRE,FAVRO,FAXED,FAXER,FAXES,FAXON,FAYED,FAYEZ,FAYME,FAYNE,FAZED,FAZIO,FEARN,FEARS,FEAST,FEATS,FECAL,FECES,FECHT,FEDAK,FEDER,FEDEX,FEDOR,FEEDS,FEELS,FEELY,FEENY,FEESE,FEGAN,FEGER,FEHER,FEICK,FEIGE,FEIGN,FEILD,FEINT,FEIST,FEITH,FEITZ,FEJES,FELAN,FELCH,FELDA,FELDE,FELDT,FELIM,FELIS,FELIX,FELIZ,FELLA,FELLS,FELON,FELPS,FELTS,FELTY,FELTZ,FEMIA,FEMME,FEMSA,FEMUR,FENCE,FENCL,FENDI,FENDS,FENDT,FENNO,FEOLA,FERAL,FERCH,FERIA,FERKO,FERMI,FERNS,FEROL,FERRA,FERRE,FERRI,FERRO,FERRY,FESER,FESTA,FESTS,FETAL,FETCH,FETED,FETID,FETTE,FETTY,FETUS,FEUDS,FEUER,FEUTZ,FEVER,FEWER,FEYEN,FIALA,FIATO,FIBER,FIBRE,FICCO,FICEK,FICKE,FICOM,FIDEL,FIDES,FIEFS,FIELD,FIEND,FIENE,FIERO,FIERS,FIERY,FIEST,FIFER,FIFTH,FIFTY,FIGEL,FIGGE,FIGGS,FIGHT,FIKES,FILBY,FILCH,FILED,FILER,FILES,FILET,FILIP,FILLA,FILLS,FILLY,FILMA,FILMS,FILTH,FINAL,FINAN,FINCH,FINCK,FINDS,FINED,FINER,FINES,FINEX,FINKE,FINKS,FINNE,FINNS,FIOLA,FIONA,FIORE,FIORI,FIPPS,FIRED,FIRES,FIRMA,FIRMS,FIRPO,FIRST,FIRTH,FISCH,FISER,FISHY,FISKE,FISTS,FITAK,FITCH,FITES,FITHE,FITTS,FIVES,FIXED,FIXER,FIXES,FIZER,FJELD,FJORD,FLACH,FLACK,FLAGG,FLAGS,FLAIG,FLAIL,FLAIM,FLAIR,FLAKE,FLAKY,FLAME,FLAMM,FLANK,FLANN,FLAPS,FLARE,FLASH,FLASK,FLATH,FLATO,FLATS,FLATT,FLAUM,FLAWN,FLAWS,FLEAS,FLECK,FLEEK,FLEER,FLEES,FLEET,FLEIG,FLESH,FLETA,FLETT,FLEUR,FLEXI,FLICK,FLIED,FLIER,FLIES,FLING,FLINK,FLINN,FLINT,FLIPS,FLIRT,FLISS,FLOAT,FLOCK,FLOHR,FLOOD,FLOOK,FLOOR,FLOPS,FLORA,FLORE,FLORI,FLORO,FLORY,FLOSS,FLOTT,FLOUR,FLOUT,FLOWE,FLOWN,FLOWS,FLOYD,FLUBS,FLUCK,FLUDD,FLUET,FLUFF,FLUHR,FLUID,FLUKE,FLUME,FLUNG,FLUNK,FLUOR,FLURY,FLUSH,FLUTE,FLUTY,FLYBY,FLYER,FLYNN,FLYNT,FOALE,FOAMS,FOAMY,FOARD,FOBBS,FOBEL,FOBES,FOCAL,FOCHT,FOCUS,FODOR,FOELL,FOGAL,FOGEL,FOGGY,FOGLE,FOILS,FOIST,FOISY,FOLAN,FOLCK,FOLDS,FOLEY,FOLHA,FOLIC,FOLKS,FOLLY,FOLSE,FOLTA,FOLTS,FOLTZ,FOMBY,FOMON,FONAR,FONDA,FONER,FONES,FONTE,FONTS,FOODS,FOOKS,FOOLS,FOONG,FOOSE,FOOTE,FORAN,FORAY,FORCE,FORDE,FORDS,FOREE,FORET,FOREX,FORGE,FORGO,FORGY,FORIE,FORIN,FORKS,FORMA,FORMS,FORNI,FORRY,FORSE,FORST,FORTE,FORTH,FORTI,FORTS,FORTY,FORUM,FORYS,FORZA,FOSCO,FOSIA,FOSSE,FOTIS,FOUAD,FOUCH,FOUHY,FOULK,FOULS,FOUND,FOURS,FOUSE,FOUST,FOUTS,FOUTY,FOUTZ,FOWLE,FOXES,FOYER,FOYLE,FRAAS,FRACE,FRADY,FRAGA,FRAGO,FRAHM,FRAIL,FRAIM,FRAIN,FRAME,FRANA,FRANC,FRANE,FRANK,FRANO,FRANS,FRANZ,FRAPH,FRARY,FRASE,FRATE,FRAUD,FRAUM,FRAYN,FRAZE,FREAD,FREAK,FREAN,FREAR,FREAS,FRECH,FRECK,FREDA,FREDE,FREDO,FREED,FREEH,FREEL,FREEN,FREER,FREES,FREET,FREIA,FREID,FREIN,FREIS,FRELS,FREMD,FRENI,FRENZ,FREON,FRERE,FRESE,FRESH,FRETS,FRETT,FRETZ,FREUD,FREYA,FRIAR,FRIAS,FRICK,FRIDA,FRIED,FRIEL,FRIER,FRIES,FRIGO,FRIIS,FRILL,FRINK,FRISA,FRISK,FRIST,FRITH,FRITO,FRITS,FRITZ,FROCK,FRODO,FROGG,FROGS,FROHN,FROIO,FROLO,FROME,FROMM,FROND,FRONK,FRONT,FROSS,FROST,FROTH,FROWN,FROZE,FRUEH,FRUGE,FRUIN,FRUIT,FRUMP,FRUSH,FRUTH,FRYAR,FRYER,FUCCI,FUCHS,FUCKS,FUDDY,FUDGE,FUDGY,FUELS,FUGUE,FUJII,FUJIO,FUJIS,FUKUI,FULCO,FULKS,FULLY,FULOP,FULTS,FULTZ,FUMED,FUMES,FUMIO,FUNCK,FUNDS,FUNES,FUNGI,FUNKE,FUNKS,FUNKY,FUNNY,FUOCO,FUOSS,FUQUA,FURBY,FURER,FUREY,FURIA,FURNO,FUROR,FURRH,FURRY,FURSE,FURST,FURTH,FUSCO,FUSED,FUSES,FUSON,FUSSY,FUTCH,FUTON,FUZES,FUZZY,FYFFE,FYOCK,GABAY,GABBY,GABEL,GABER,GABIE,GABLE,GABON,GABOR,GACEK,GADDY,GAEDE,GAETA,GAETH,GAETZ,GAFFE,GAGAN,GAGEL,GAGEN,GAGER,GAGNE,GAHAN,GAHLI,GAIER,GAIGE,GAILE,GAILY,GAINS,GAJDA,GALAN,GALAS,GALAX,GALBO,GALEA,GALEB,GALEF,GALEN,GALER,GALES,GALEY,GALIE,GALIK,GALIN,GALKA,GALLA,GALLE,GALLI,GALLO,GALLS,GALUS,GAMAL,GAMBA,GAMCO,GAMEL,GAMER,GAMES,GAMET,GAMEZ,GAMMA,GAMUT,GANAS,GANCI,GANDA,GANDY,GANEM,GANES,GANEY,GANGE,GANGI,GANGL,GANGS,GANIC,GANIM,GANIS,GANOE,GANTT,GANTZ,GANUS,GAONA,GAPPA,GARAY,GARBE,GARBO,GARDA,GARDE,GARED,GAREY,GARIN,GARIS,GARMS,GARNO,GARON,GARPS,GARRO,GARRY,GARST,GARTH,GARZA,GASCA,GASES,GASKA,GASPE,GASPS,GATCH,GATED,GATES,GATOR,GATOS,GATTI,GATTY,GATZA,GAUCH,GAUDY,GAUER,GAUGE,GAUGH,GAULS,GAULT,GAUNA,GAUNT,GAUSE,GAUSS,GAUZE,GAVAN,GAVEL,GAVEN,GAVER,GAVIN,GAWEL,GAWEN,GAWKY,GAWNE,GAYDA,GAYER,GAYLE,GAZDA,GAZED,GAZES,GEARS,GEARY,GEBEL,GECKO,GEEKS,GEEKY,GEENA,GEERS,GEESE,GEEZE,GEHLE,GEHRT,GEHRY,GEICO,GEIER,GEIGY,GEISE,GEISS,GEIST,GEITZ,GEKAS,GEKKO,GELCO,GELLI,GELPI,GELTZ,GEMCO,GEMEX,GEMMA,GEMME,GENCO,GENES,GENET,GENEX,GENIE,GENIS,GENNA,GENOA,GENRE,GENTS,GENTZ,GENUS,GEOFF,GEOID,GEORG,GERAN,GERDA,GEREN,GERIG,GERKE,GERME,GERMS,GERON,GEROW,GERRI,GERRY,GERSH,GERST,GERTH,GERTY,GERTZ,GESCO,GESKE,GETER,GETTS,GETTY,GEYER,GHADA,GHALI,GHANA,GHEEN,GHENT,GHOSE,GHOSH,GHOST,GHOUL,GIANG,GIANT,GIARD,GIBAS,GIBBS,GIBBY,GIBES,GIDDY,GIDEL,GIECK,GIERE,GIESE,GIFFY,GIFTS,GIGER,GIGOT,GIKAS,GILBO,GILBY,GILDA,GILES,GILLE,GILLS,GILLY,GILTS,GIMLI,GIMME,GINAS,GINES,GINNY,GINSU,GINTY,GINTZ,GINZA,GIOIA,GIRDS,GIREN,GIRLS,GIROD,GIRON,GIRTH,GISSI,GITHA,GITTO,GIVAN,GIVEN,GIVER,GIVES,GIZMO,GIZZI,GLAAB,GLACE,GLADD,GLADE,GLADU,GLAHN,GLAND,GLANZ,GLARE,GLASS,GLATT,GLATZ,GLAUB,GLAUS,GLAWE,GLAXO,GLAZA,GLAZE,GLEAM,GLEAN,GLEBA,GLEDA,GLEIM,GLEMP,GLENN,GLENS,GLESS,GLICK,GLIDE,GLINT,GLITZ,GLOAM,GLOAT,GLOBE,GLOBO,GLOBS,GLOCK,GLOMB,GLOOM,GLOOR,GLORE,GLORI,GLORY,GLOSS,GLOVE,GLOWS,GLOYD,GLUCK,GLUED,GLUES,GLUNT,GLUNZ,GLUTH,GLUTS,GLYNN,GNANN,GNARL,GNASH,GNATS,GNAWS,GNOME,GOALS,GOANS,GOARD,GOATS,GOBEL,GOBEN,GOBER,GOBIE,GOBIN,GOBLE,GOCKE,GODAR,GODBY,GODEK,GODIN,GODLY,GODOT,GODOY,GOEAS,GOEDE,GOEKE,GOELZ,GOENS,GOERS,GOETZ,GOGAN,GOGEL,GOGHS,GOING,GOINS,GOJKO,GOKEY,GOLAB,GOLAN,GOLAS,GOLAY,GOLBA,GOLDA,GOLDE,GOLDS,GOLDY,GOLEC,GOLEM,GOLEN,GOLEY,GOLFS,GOLGI,GOLGO,GOLLA,GOLLE,GOLLY,GOLOB,GOLTZ,GOLUB,GOMER,GOMES,GOMEZ,GONAD,GONCE,GONDA,GONER,GONET,GONGS,GONIA,GONNA,GONYA,GONYO,GONZO,GOOCH,GOODA,GOODE,GOODS,GOODY,GOOEY,GOOFS,GOOFY,GOOGE,GOOLD,GOONS,GOOSE,GOPAC,GOPAL,GOPRO,GORAL,GORAN,GORBY,GORDA,GORDY,GORED,GOREE,GOREN,GORES,GOREY,GORGE,GORIA,GORIN,GORIS,GORKA,GORKI,GORKY,GORNY,GORUM,GOSCH,GOSHA,GOSSE,GOTCH,GOTTA,GOTTI,GOTTS,GOUDE,GOUDY,GOUGE,GOUGH,GOUIN,GOULD,GOURD,GOUTY,GOVAN,GOVEA,GOVER,GOVPX,GOWAN,GOWDY,GOWEN,GOWER,GOWIN,GOWNS,GOYER,GOYIM,GOYKO,GOYNE,GRABE,GRABS,GRACE,GRACI,GRACO,GRACY,GRADE,GRADO,GRADS,GRADY,GRAEF,GRAFE,GRAFF,GRAFT,GRAGE,GRAGG,GRAHL,GRAHN,GRAIL,GRAIN,GRALL,GRAMA,GRAMM,GRAMS,GRANA,GRAND,GRANO,GRANT,GRANZ,GRAPE,GRAPH,GRASP,GRASS,GRATA,GRATE,GRATZ,GRAUE,GRAUL,GRAVE,GRAVY,GRAWE,GRAYE,GRAYS,GRAZE,GREAR,GREAT,GREBE,GRECH,GRECO,GREDE,GREED,GREEK,GREEN,GREER,GREET,GREFE,GREFF,GREGA,GREGG,GREGO,GREIF,GREIG,GREIM,GREIN,GREIS,GRELL,GRENZ,GRESH,GRESS,GRETA,GRETE,GRETH,GRETZ,GREVE,GREWE,GRICE,GRIDS,GRIEB,GRIEF,GRIEP,GRIER,GRIES,GRIFF,GRIGG,GRILL,GRIMA,GRIME,GRIMM,GRIMY,GRIND,GRINE,GRING,GRINS,GRIPE,GRIPP,GRIPS,GRISE,GRIST,GRITS,GRITZ,GROAN,GROAT,GROBE,GROCE,GROCH,GRODE,GROEN,GROEP,GROER,GROFF,GROFT,GROGG,GROHS,GROIN,GROLL,GROMA,GRONE,GROOM,GROOS,GROOT,GROPE,GROPP,GROSE,GROSH,GROSS,GROSZ,GROTE,GROTH,GROTZ,GROUP,GROUT,GROVE,GROWE,GROWL,GROWN,GROWS,GRUBA,GRUBB,GRUBE,GRUBS,GRUEL,GRUEN,GRUET,GRUFF,GRUHN,GRUIS,GRUMP,GRUND,GRUNT,GRUPE,GRUPO,GRUPP,GRUSH,GRUSS,GRUZA,GRZYB,GSELL,GTECH,GUANO,GUARD,GUAVA,GUBER,GUCCI,GUCWA,GUESS,GUEST,GUFFY,GUGEL,GUICE,GUIDA,GUIDE,GUIDI,GUIDO,GUIER,GUILD,GUILE,GUILL,GUILT,GUINN,GUION,GUIRE,GUISE,GULAG,GULAS,GULCH,GULFS,GULLA,GULLI,GULLO,GULLS,GULLY,GULPS,GUMBI,GUMBO,GUMBS,GUMMI,GUMMY,GUMPP,GUNBY,GUNDY,GUNIA,GUNNY,GUNST,GUNTY,GUPPY,GUPTA,GURAL,GURIT,GURKA,GURRY,GURTZ,GURUS,GUSES,GUSKY,GUSSY,GUSTE,GUSTO,GUSTS,GUSTY,GUTSY,GUYER,GUYNN,GUYON,GUYOT,GUZEK,GUZIK,GUZZI,GUZZO,GWINN,GWYNN,GYGER,GYLES,GYNEX,GYPSY,GYROS,GYTHA,HAACK,HAAKE,HAASE,HAASS,HABEL,HABER,HABIB,HABIG,HABIT,HABLE,HACKE,HACKL,HACKS,HADAD,HADEN,HADER,HADES,HADID,HAESE,HAFEN,HAFER,HAFEY,HAFEZ,HAFIF,HAFTA,HAFTS,HAGAN,HAGAR,HAGEE,HAGEL,HAGEN,HAGER,HAGEY,HAGGE,HAGIN,HAGLE,HAGUE,HAHNE,HAIDA,HAIFA,HAIGH,HAIKU,HAILE,HAILS,HAINS,HAIRE,HAIRR,HAIRS,HAIRY,HAIST,HAITH,HAITI,HAJDU,HAJEK,HAKAN,HAKES,HAKIM,HAKKI,HAKKO,HAKON,HALAS,HALEN,HALES,HALEY,HALIK,HALKO,HALLA,HALLE,HALLS,HALLY,HALMI,HALON,HALOS,HALTS,HALVE,HAMAD,HAMAL,HAMAN,HAMAR,HAMAS,HAMBY,HAMED,HAMEL,HAMER,HAMES,HAMID,HAMIL,HAMME,HAMON,HAMOR,HAMPE,HAMRE,HANAK,HANAN,HANAS,HANBO,HANBY,HANCE,HANDA,HANDS,HANDY,HANEL,HANER,HANES,HANEY,HANFT,HANGS,HANKE,HANKO,HANKS,HANKY,HANLY,HANNA,HANNI,HANNY,HANOI,HANSA,HANTA,HANTZ,HANUS,HANWA,HAPAG,HAPKE,HAPPE,HAPPY,HAQUE,HARAN,HARDS,HARDT,HARDY,HAREM,HAREN,HARER,HARES,HARFF,HARIG,HARIS,HARIZ,HARJO,HARJU,HARKE,HARKS,HARLE,HARMS,HARNE,HARPE,HARPO,HARPS,HARRA,HARRE,HARRY,HARSH,HARTE,HARTH,HARTL,HARTS,HARTT,HARTY,HARTZ,HARUO,HARVE,HASAN,HASCH,HASEK,HASER,HASHI,HASID,HASKE,HASSE,HASTA,HASTE,HASTY,HATCH,HATED,HATEM,HATER,HATES,HATON,HATTY,HAUCH,HAUCK,HAUER,HAUFF,HAUGE,HAUGH,HAUKE,HAULS,HAUNT,HAUPT,HAURY,HAUSA,HAUSE,HAUSS,HAUTE,HAUTH,HAVAS,HAVEL,HAVEN,HAVER,HAVES,HAVEY,HAVIS,HAVOC,HAWES,HAWKE,HAWKS,HAYDN,HAYDU,HAYEK,HAYEN,HAYER,HAYES,HAYNE,HAYSE,HAZAN,HAZEL,HAZEN,HAZLE,HEADS,HEADY,HEAGY,HEALD,HEALS,HEALY,HEAPE,HEAPS,HEARD,HEARL,HEARN,HEARS,HEART,HEATH,HEATS,HEAVE,HEAVY,HEBDA,HEBEI,HEBEL,HEBER,HECCO,HECHT,HECLA,HECOX,HEDDA,HEDDY,HEDGE,HEDIN,HEEDS,HEEKE,HEELS,HEESE,HEFEI,HEFTI,HEFTY,HEGEL,HEGER,HEGGE,HEGNA,HEGYI,HEHIR,HEICK,HEICO,HEIDE,HEIDI,HEIDT,HEIER,HEIGL,HEIKO,HEIMS,HEINE,HEINI,HEINL,HEINO,HEINS,HEINY,HEINZ,HEIRS,HEISE,HEISS,HEIST,HEITZ,HEIWA,HEJNA,HELDS,HELDT,HELEN,HELGA,HELIE,HELIN,HELIX,HELKE,HELLE,HELLO,HELMA,HELME,HELMS,HELOT,HELPS,HEMAN,HEMBY,HEMEL,HEMLO,HEMME,HEMRY,HENAO,HENCE,HENCH,HENDY,HENES,HENEY,HENIE,HENIN,HENKE,HENLE,HENLY,HENNA,HENNE,HENRI,HENRY,HENSE,HENTZ,HENZE,HEPPE,HERBS,HERDA,HERDS,HERDT,HERIN,HERMS,HERNE,HEROD,HERON,HEROS,HERRE,HERRO,HERSH,HERST,HERTA,HERTZ,HERVE,HESCH,HESIK,HESSE,HETTI,HETTY,HEUER,HEVEY,HEVIA,HEWER,HEWES,HEWEY,HEYDE,HEYDT,HEYEN,HEYER,HEYNE,HEYSE,HIATT,HIBBS,HIBMA,HIBOR,HICFA,HICKS,HIDEO,HIDER,HIDES,HIEMS,HIERS,HIETT,HIGBY,DEVRY