AABERG,AACHEN,AAMODT,AANCOR,AARONS,ABACHA,ABACUS,ABADIE,ABALOS,ABANTO,ABARCA,ABASIA,ABATED,ABATES,ABBADO,ABBASI,ABBATE,ABBETT,ABBITT,ABBOTT,ABBOUD,ABDNOR,ABDUCT,ABELES,ABELLA,ABELOW,ABERLE,ABEYTA,ABHORS,ABIDED,ABIDES,ABIOLA,ABJECT,ABLAZE,ABLEST,ABLOOM,ABOARD,ABOODI,ABORTS,ABOUND,ABRAMO,ABRAMS,ABRAXA,ABREGO,ABROAD,ABRUPT,ABSCAM,ABSENT,ABSHER,ABSORB,ABSTON,ABSURD,ABURTO,ABUSED,ABUSER,ABUSES,ACACIA,ACADIA,ACAMPO,ACCEDE,ACCENT,ACCEPT,ACCESS,ACCION,ACCOLA,ACCORD,ACCOST,ACCRUE,ACCUSE,ACERRA,ACETIC,ACEVES,ACHATZ,ACHEBE,ACHING,ACHMED,ACHORD,ACHORN,ACIDIC,ACIDLY,ACKERT,ACKLES,ACKLEY,ACKLIN,ACKMAN,ACORNS,ACOSTA,ACQUIT,ACROSS,ACTAVA,ACTING,ACTION,ACTIVE,ACTORS,ACTUAL,ACUITY,ACUMEN,ACURAS,ACUSON,ADABEL,ADACHI,ADAGIO,ADAIRE,ADALAH,ADALIA,ADAMEC,ADAMEK,ADAMES,ADAMIK,ADAPSO,ADAPTS,ADCOCK,ADDAIR,ADDAMS,ADDICT,ADDING,ADDLED,ADDUCI,ADDUCT,ADELLE,ADHERE,ADIDAS,ADJANI,ADJOIN,ADJUST,ADKINS,ADLERS,ADLONG,ADMINS,ADMIRA,ADMIRE,ADMITS,ADOLFO,ADOLPH,ADONIA,ADONIS,ADOPTS,ADORED,ADOREE,ADORES,ADORNA,ADORNO,ADORNS,ADRIAN,ADRIEL,ADRIFT,ADROIT,ADSTAR,ADULTS,ADVANI,ADVENT,ADVERB,ADVEST,ADVICE,ADVISE,ADWEEK,ADWELL,AEGEAN,AELTUS,AENEAS,AENEID,AEOLUS,AERIAL,AERIEN,AFFAIR,AFFECT,AFFINE,AFFIRM,AFFLIK,AFFORD,AFGHAN,AFIELD,AFLAME,AFLOAT,AFONSO,AFRAID,AFRESH,AFRICA,AFRIDI,AFSANE,AFSHAR,AGACHE,AGASSI,AGATES,AGATHA,AGAWAM,AGENCE,AGENCY,AGENDA,AGENTS,AGGIES,AGGREY,AGHAST,AGILDO,AGILIS,AGLEAM,AGNETA,AGNICO,AGOSTA,AGOSTO,AGOURA,AGREED,AGREES,AGRICO,AGRUSA,AGUADO,AGUAYO,AGUERO,AGUIAR,AGUILA,AGUILO,AHARON,AHEARN,AHERIN,AHERNE,AHLERS,AHLMAN,AHMADI,AHMANN,AHMEEK,AHNELL,AHOLDS,AHONEN,AHRENS,AICHER,AICKIN,AIDENN,AIDING,AIELLO,AIESHA,AIGNER,AIKENS,AIKINS,AIKMAN,AIKOFF,AILEEN,AILING,AIMING,AIMONE,AINLEY,AIRBAG,AIRBUS,AIRCAL,AIRCOA,AIRGAS,AIRING,AIRLIA,AIRLIE,AIRMAN,AIRMEN,AIRWAY,AISLES,AITHNE,AITKEN,AKASHI,AKBASH,AKELLA,AKHTAR,AKIMBO,AKSLER,ALAGEM,ALAGNA,ALAIMO,ALAINE,ALAMCO,ALAMOS,ALANCO,ALANIS,ALANIZ,ALANNA,ALARIC,ALARID,ALARIE,ALARMS,ALARON,ALASKA,ALATAS,ALAYNE,ALBACH,ALBANI,ALBANK,ALBANO,ALBANS,ALBANY,ALBEIT,ALBERG,ALBERN,ALBERS,ALBERT,ALBINA,ALBINI,ALBINO,ALBION,ALBUMS,ALBURY,ALCALA,ALCASA,ALCIDE,ALCIDS,ALCINA,ALCOCK,ALCORN,ALCOTT,ALCOVE,ALDACO,ALDAMA,ALDANA,ALDAPE,ALDILA,ALDORA,ALDOUS,ALDRED,ALDRIC,ALDRIN,ALDWIN,ALDWYN,ALEGRE,ALEJOS,ALEMAN,ALENIA,ALERIA,ALERON,ALERTS,ALESSI,ALETHA,ALETTI,ALEXEI,ALEXIA,ALEXIS,ALFANO,ALFARO,ALFONO,ALFONS,ALFORD,ALFRED,ALFREY,ALGATA,ALGOMA,ALIANO,ALIBIS,ALICEA,ALICES,ALICIA,ALIENS,ALIGHT,ALIGNS,ALIHAN,ALIKES,ALINES,ALIOTO,ALIRIO,ALISHA,ALISKY,ALISON,ALISSA,ALIYAH,ALIZAC,ALKALI,ALKEMA,ALKENE,ALKIRE,ALLAIN,ALLAIS,ALLARD,ALLAYS,ALLBEE,ALLDAY,ALLECO,ALLEGE,ALLELE,ALLENE,ALLENS,ALLERS,ALLERT,ALLEVA,ALLEYS,ALLICK,ALLIED,ALLIES,ALLING,ALLMAN,ALLMON,ALLNET,ALLOTS,ALLOWS,ALLOYS,ALLRED,ALLSET,ALLSOP,ALLSUP,ALLTEL,ALLTON,ALLTOP,ALLUDE,ALLUMS,ALLURE,ALMADA,ALMAND,ALMASY,ALMATY,ALMEDA,ALMIRA,ALMOND,ALMOST,ALODIE,ALOISA,ALOISI,ALOMAR,ALONGE,ALONGI,ALONGS,ALONSO,ALONZA,ALONZO,ALOYSE,ALPACA,ALPERN,ALPERS,ALPERT,ALPHIN,ALPINE,ALREAD,ALROSA,ALSACE,ALSTON,ALTAIC,ALTAIR,ALTARS,ALTEON,ALTERA,ALTERS,ALTHEA,ALTICE,ALTIER,ALTIMA,ALTMAN,ALTOID,ALTRON,ALUMAX,ALUMNA,ALUMNI,ALVARE,ALVARO,ALVEAR,ALVERO,ALVINA,ALVINO,ALVITA,ALVITE,ALVORD,ALWARD,ALWAYS,ALWINE,ALWOOD,ALYSIA,ALYSSA,ALZADO,ALZENA,ALZENE,ALZONA,AMABEL,AMADEA,AMADEO,AMADON,AMADOR,AMADOU,AMAKER,AMALEA,AMALIA,AMALIE,AMALYA,AMANDA,AMANTE,AMARAL,AMARIN,AMARIS,AMASON,AMATIL,AMAZED,AMAZES,AMAZON,AMBASE,AMBERG,AMBERS,AMBERY,AMBLED,AMBLER,AMBLES,AMBLIN,AMBORN,AMBRIT,AMBRIZ,AMBURN,AMBUSH,AMCAST,AMCOLE,AMCORE,AMDAHL,AMDURA,AMECHE,AMEDCO,AMEDEE,AMELIA,AMELIO,AMENDS,AMENTA,AMERCO,AMERON,AMETEK,AMEXCO,AMICUS,AMIDON,AMIDST,AMIGOS,AMILIA,AMINTA,AMIRAM,AMIRAN,AMIRAV,AMISON,AMITAI,AMMANN,AMMEEN,AMMONS,AMOEBA,AMORAL,AMOUNT,AMPATO,AMPERE,AMRAAM,AMREIN,AMRINE,AMSDEN,AMSLER,AMSTAR,AMSTER,AMTECH,AMTRAK,AMULET,AMUSED,AMUSES,AMVEST,AMYLIN,ANABLE,ANACIN,ANAKIN,ANALOG,ANANIA,ANAREN,ANBARI,ANCELL,ANCHOR,ANCIRA,ANCONA,ANCRUM,ANCTIL,ANDEAN,ANDERA,ANDERS,ANDERT,ANDING,ANDINO,ANDLER,ANDRAE,ANDRAS,ANDREA,ANDREE,ANDREI,ANDREJ,ANDREN,ANDRES,ANDREU,ANDREW,ANDREY,ANDRIA,ANDRIC,ANDROS,ANDRUS,ANELLO,ANEMIA,ANEMIC,ANETTE,ANGELA,ANGELI,ANGELL,ANGELO,ANGELS,ANGERS,ANGERT,ANGIER,ANGINA,ANGLED,ANGLEN,ANGLER,ANGLES,ANGLEY,ANGLIA,ANGLIM,ANGLIN,ANGLOS,ANGOLA,ANGORA,ANGOVE,ANGULO,ANHALT,ANIBAL,ANIKST,ANIMAL,ANIMUS,ANINAT,ANITEC,ANKARA,ANKENY,ANKLAM,ANKLES,ANKLET,ANKNEY,ANKROM,ANKRUM,ANNALS,ANNAUD,ANNEAL,ANNESE,ANNETT,ANNICK,ANNOYS,ANNUAL,ANNUIT,ANODES,ANOINT,ANOMIE,ANORAK,ANSAID,ANSANG,ANSARI,ANSCOM,ANSELL,ANSELM,ANSETT,ANSGAR,ANSHAN,ANSLEY,ANSOHN,ANSTEY,ANSWER,ANTAYA,ANTELL,ANTHEA,ANTHEM,ANTHES,ANTHIS,ANTHON,ANTICO,ANTICS,ANTILL,ANTLER,ANTLEY,ANTONE,ANTONI,ANTONY,ANTOON,ANTOSH,ANTRIL,ANTRIM,ANTUNA,ANUBIS,ANWELL,ANWYLL,ANYHOW,ANYONE,ANYWAY,AORTIC,AOUZOU,AOYAMA,APACHE,APATHY,APHIDS,APIECE,APLOMB,APOGEE,APOLLO,APONTE,APOPKA,APPALL,APPEAL,APPEAR,APPELL,APPELT,APPEND,APPERT,APPIAN,APPLES,APPLET,APPLIN,APRILE,APRONS,APSELL,APSTAR,APTIVA,APUZZO,AQUILA,AQUINO,ARABIA,ARABIC,ARABIE,ARABLE,ARAFAT,ARAGON,ARAIZA,ARAMCO,ARAMID,ARAMIS,ARANDA,ARANGO,ARARAT,ARAUJO,ARAWAK,ARBENZ,ARBOUR,ARCADE,ARCANA,ARCAND,ARCANE,ARCARO,ARCATA,ARCHED,ARCHER,ARCHES,ARCHEY,ARCHIE,ARCHLY,ARCOLA,ARCTIC,ARCURI,ARDATH,ARDEEN,ARDENE,ARDENT,ARDINE,ARDITH,ARDITO,ARDLEY,ARDOIN,ARDREY,ARENAS,ARENDS,ARENDT,ARENTZ,ARETHA,ARETTA,ARGALL,ARGENT,ARGIRO,ARGOSY,ARGUED,ARGUES,ARGYLE,ARGYLL,ARIANA,ARIANE,ARIOLA,ARISEN,ARISES,ARISON,ARISPE,ARISTA,ARKADI,ARKADY,ARKOSE,ARLANA,ARLEEN,ARLENA,ARLENE,ARLETA,ARLINE,ARLYNE,ARMADA,ARMAND,ARMANI,ARMARO,ARMATO,ARMENT,ARMIDA,ARMIES,ARMIJO,ARMINA,ARMINE,ARMING,ARMOLD,ARMOND,ARMONK,ARMORY,ARMOUR,ARMPIT,ARMTEC,ARMTEK,ARNALL,ARNATT,ARNAUD,ARNELL,ARNETT,ARNOLD,ARNONE,ARNOTT,ARNZEN,AROCHA,AROCHO,AROMAS,ARONIE,ARONOW,AROUND,AROUSE,ARPINO,ARRANT,ARRAYS,ARREST,ARRICK,ARRIGO,ARRIVE,ARROWS,ARROYO,ARRUDA,ARRUPE,ARSONS,ARTALE,ARTERY,ARTFUL,ARTHUR,ARTINO,ARTIST,ARTLEY,ARTMAN,ARTOIS,ARTRIP,ARTURO,ARVIDA,ARVIND,ARVIZU,ARWOOD,ARZAMA,ARZATE,ARZOLA,ASAHAN,ASARCO,ASBELL,ASBILL,ASBURY,ASCEND,ASCENT,ASCHER,ASCLAD,ASCOTT,ASELMA,ASGARD,ASHAJI,ASHAME,ASHARE,ASHISH,ASHLEY,ASHLIN,ASHMAN,ASHORE,ASHTEC,ASHTON,ASIAIN,ASIANS,ASIDES,ASIMOV,ASIMOW,ASKERS,ASKING,ASKINS,ASKREN,ASLEEP,ASMARA,ASPECT,ASPENS,ASPIRE,ASPNES,ASSAIL,ASSENT,ASSERT,ASSESS,ASSETS,ASSIGN,ASSIRA,ASSISI,ASSIST,ASSORT,ASSUME,ASSURE,ASTERS,ASTHMA,ASTLEY,ASTORE,ASTRAL,ASTRAY,ASTRED,ASTRID,ASTROS,ASTUTE,ASYLUM,ATALIA,ATALIE,ATAXIA,ATHANS,ATHENA,ATHENE,ATHENS,ATKINS,ATOCHA,ATOMIC,ATONAL,ATRIUM,ATTACH,ATTACK,ATTAIN,ATTALI,ATTARD,ATTEND,ATTEST,ATTICA,ATTICS,ATTILA,ATTIRE,ATTLEE,ATTUNE,ATWELL,ATWOOD,ATYPIA,ATYPIC,AUBERT,AUBREY,AUBURN,AUCOIN,AUCOTT,AUDINO,AUDITS,AUDRAN,AUDREY,AUDRIC,AUDRIE,AUDRIS,AUDWIN,AUGERS,AUGURS,AUGUST,AULANA,AUMANN,AUMENT,AUNGST,AUNTIE,AURAND,AURICH,AURORA,AUSLEY,AUSMAN,AUSMUS,AUSPEY,AUSSIE,AUSTAD,AUSTAT,AUSTEN,AUSTER,AUSTIN,AUSTON,AUSTRO,AUTERY,AUTHER,AUTHOR,AUTISM,AUTREY,AUTUMN,AUXIER,AUXTON,AVALON,AVALOS,AVANEX,AVANTI,AVANTS,AVASSO,AVATAR,AVEDON,AVELAR,AVELLA,AVEMCO,AVENEL,AVENGE,AVENUE,AVERIL,AVEROF,AVERSA,AVERSE,AVERTS,AVERYL,AVIALL,AVIANO,AVIARY,AVIDLY,AVILES,AVILEZ,AVILLA,AVIONS,AVITAL,AVITIA,AVMARK,AVOCET,AVODON,AVOIDS,AVOLIO,AVOWED,AVRETT,AWAITS,AWAKEN,AWARDS,AWBREY,AWEIDA,AWHILE,AWNING,AWTREY,AXFORD,AXIOMS,AXLINE,AXTELL,AXTMAN,AYCOCK,AYENDE,AYERST,AYLING,AYLMER,AYLWIN,AYMOND,AYOTTE,AYSCUE,AYYASH,AZALEA,AZALIA,AZAROW,AZBELL,AZBILL,AZCONA,AZELIA,AZIDES,AZMEER,AZORES,AZTECA,AZTECS,AZZARA,AZZARO,AZZATO,BAASCH,BABBIO,BABBIT,BABBLE,BABERS,BABIAK,BABICH,BABIES,BABINO,BABISH,BABITA,BABLER,BABOON,BABSON,BABULA,BABYAK,BACALL,BACCHI,BACCUS,BACHAR,BACHER,BACHUS,BACINO,BACKED,BACKER,BACKES,BACKUP,BACKUS,BACORN,BACOTE,BADAMI,BADASS,BADEAH,BADEAU,BADGER,BADGES,BADLEY,BADMAN,BADOUR,BADURA,BAETEN,BAFFLE,BAGDAD,BAGDON,BAGELS,BAGENT,BAGFUL,BAGGED,BAGGIE,BAGGIO,BAGHLI,BAGLEY,BAGLIO,BAGMAN,BAGSBY,BAHAMA,BAHENA,BAHLER,BAHMAN,BAHNER,BAIDOA,BAILBY,BAILED,BAILER,BAILES,BAILEY,BAILIE,BAILIN,BAILLY,BAILON,BAILOR,BAILYN,BAINES,BAISCH,BAITED,BAJEMA,BAKERS,BAKERY,BAKING,BAKKEN,BAKKER,BAKLEY,BAKRIE,BAKSHI,BAKULA,BALART,BALASH,BALATA,BALAZS,BALBOA,BALCER,BALCOM,BALCOR,BALDER,BALDEV,BALDEZ,BALDLY,BALDOR,BALDRY,BALDUR,BALDUS,BALEEN,BALIAN,BALING,BALINT,BALKAN,BALKED,BALKIN,BALLAD,BALLAS,BALLED,BALLER,BALLES,BALLET,BALLEW,BALLIN,BALLON,BALLOR,BALLOT,BALLOU,BALLOW,BALMER,BALMES,BALOGA,BALOGH,BALSAM,BALSER,BALTER,BALTES,BALTIC,BALTSA,BALUJA,BALZER,BAMAKO,BAMBER,BAMBOO,BANACH,BANANA,BANCOR,BANDAG,BANDAI,BANDAR,BANDED,BANDEL,BANDER,BANDIT,BANDOW,BANGED,BANGEE,BANGER,BANGLE,BANGOR,BANICK,BANISH,BANKED,BANKEN,BANKER,BANKES,BANKEY,BANNAN,BANNED,BANNER,BANNON,BANOUN,BANQUE,BANSAL,BANTAM,BANTER,BANTLE,BANTON,BANYAN,BANYAS,BAPLEY,BARACH,BARACK,BARAFF,BARAGI,BARANY,BARASH,BARATH,BARBED,BARBEE,BARBER,BARBIE,BARBIN,BARBRA,BARBRE,BARCIA,BARCUS,BARDEN,BARDIN,BARDON,BAREIS,BARELA,BARELY,BARENS,BAREST,BARGAR,BARGAS,BARGED,BARGER,BARGES,BARHAM,BARICH,BARILE,BARING,BARISH,BARITE,BARIUM,BARKAI,BARKAN,BARKED,BARKER,BARKES,BARKEY,BARKIN,BARKOW,BARKUS,BARLEY,BARLOW,BARMAN,BARNAS,BARNDT,BARNER,BARNES,BARNET,BARNEY,BARNUM,BAROID,BARONE,BARONI,BARONS,BARRAS,BARRED,BARREL,BARREN,BARRES,BARRET,BARRIE,BARRIO,BARRIS,BARRON,BARROS,BARROW,BARRUS,BARSCH,BARSKY,BARSON,BARTAK,BARTEE,BARTEK,BARTEL,BARTEN,BARTER,BARTHA,BARTKO,BARTLE,BARTOK,BARTOL,BARTON,BARTOO,BARTOS,BARTOW,BARTUS,BARUCH,BASALT,BASARA,BASCAY,BASCOM,BASDEN,BASHAM,BASHAR,BASHAW,BASHED,BASHER,BASHES,BASHIR,BASHOR,BASICH,BASICS,BASILE,BASING,BASINS,BASKED,BASKET,BASKIN,BASLER,BASNER,BASORE,BASQUE,BASSAM,BASSES,BASSET,BASSIN,BASSIR,BASTED,BASTEN,BASTIN,BASTON,BASTOW,BASTYR,BATAAN,BATBOY,BATHED,BATHER,BATHES,BATHKE,BATIKS,BATLEY,BATMAN,BATONS,BATRES,BATSON,BATTED,BATTEN,BATTER,BATTEY,BATTIN,BATTIS,BATTLE,BATTON,BATZEL,BATZER,BAUBLE,BAUCOM,BAUCUM,BAUCUS,BAUDER,BAUERS,BAUGHN,BAUGUS,BAUMAN,BAUMEL,BAUMER,BAUSCH,BAUTCH,BAVARO,BAWDEN,BAWLED,BAXLEY,BAXTER,BAYARD,BAYERS,BAYING,BAYLEE,BAYLEN,BAYLES,BAYLEY,BAYLIS,BAYLON,BAYLOR,BAYMAN,BAYNES,BAYOUS,BAZAAR,BAZHAN,BAZILE,BAZZLE,BEABER,BEACHY,BEACOM,BEACON,BEADED,BEADLE,BEAGAN,BEAGEN,BEAGLE,BEAHAN,BEAIRD,BEAKER,BEALER,BEALES,BEAMAN,BEAMED,BEAMER,BEAMON,BEARCE,BEARDS,BEARER,BEARSE,BEARSS,BEARUP,BEASON,BEASTS,BEATEN,BEATER,BEATIE,BEATLE,BEATON,BEATTY,BEAUCE,BEAUTY,BEAVAN,BEAVEN,BEAVER,BEAVIN,BEAVIS,BEAZER,BEBBER,BEBEAR,BEBEAU,BEBOUT,BECALM,BECAME,BECHER,BECKEL,BECKER,BECKET,BECKIE,BECKOM,BECKON,BECKUM,BECNEL,BECOME,BECTON,BECVAR,BEDARD,BEDBUG,BEDDED,BEDDOE,BEDDOW,BEDECK,BEDELL,BEDLAM,BEDNAR,BEDNER,BEDORE,BEDOYA,BEDPAN,BEEBES,BEECHY,BEEDIE,BEEDLE,BEEFED,BEEGLE,BEEKER,BEELER,BEEMAN,BEEMER,BEENEY,BEEPED,BEEPER,BEESON,BEETLE,BEETON,BEEVER,BEFALL,BEFELL,BEFITS,BEFORE,BEFORT,BEGALA,BEGETS,BEGGAR,BEGGED,BEGHIN,BEGINS,BEGLEY,BEHALF,BEHAVE,BEHEAD,BEHELD,BEHEST,BEHIND,BEHLER,BEHLKE,BEHMER,BEHNER,BEHNEY,BEHNKE,BEHOFF,BEHOLD,BEHRLE,BEHRNS,BEIGEL,BEIGES,BEIJER,BEILER,BEILIN,BEILKE,BEINGS,BEIRNE,BEIRUT,BEISEL,BEISER,BEITEL,BEITER,BEKINS,BEKKER,BELAIR,BELAND,BELATE,BELDEN,BELDIN,BELDON,BELFER,BELFRY,BELGER,BELICH,BELIED,BELIEF,BELIER,BELIES,BELITZ,BELIZE,BELKIN,BELLAH,BELLAR,BELLAS,BELLER,BELLES,BELLEW,BELLIN,BELLIS,BELLON,BELLOW,BELLUM,BELMAN,BELNAP,BELOFF,BELOIT,BELONG,BELOTE,BELOUS,BELOVE,BELSER,BELSHE,BELSKY,BELSON,BELTED,BELTER,BELTON,BELUGA,BELVIA,BELVIN,BELYEA,BELYEU,BELZER,BEMBRY,BEMENT,BEMISS,BEMOAN,BEMUSE,BENAMI,BENARD,BENBOW,BENDED,BENDEL,BENDER,BENDIG,BENDIX,BENEKE,BENESH,BENFER,BENGAL,BENGEL,BENHAM,BENIGN,BENING,BENISH,BENITA,BENITO,BENKER,BENLOX,BENNER,BENNET,BENNEY,BENNIE,BENNIS,BENOIT,BENONI,BENSCH,BENSEL,BENSEN,BENSON,BENTEN,BENTER,BENTLY,BENTON,BENWAY,BENZEL,BENZES,BENZIE,BERARD,BERATE,BERBER,BERCAW,BERCOR,BERDAN,BEREFT,BEREND,BERENS,BERENT,BERETS,BERGAN,BERGEN,BERGER,BERGES,BERGET,BERGEY,BERGIN,BERGUM,BERHOW,BERING,BERISH,BERKEL,BERKEN,BERKES,BERKEY,BERLES,BERLET,BERLEX,BERLIN,BERMAN,BERMEA,BERMEL,BERNAL,BERNAS,BERNAT,BERNAY,BERNDT,BERNER,BERNET,BERNEY,BERNIA,BERNIE,BERRES,BERREY,BERRIE,BERRIS,BERSCH,BERSON,BERTCH,BERTHA,BERTHS,BERTIE,BERTIL,BERTIN,BERTKE,BERTON,BERUBE,BERUDI,BERWYN,BERZIN,BESANT,BESIDE,BESLER,BESNER,BESSER,BESSEY,BESSIE,BESSON,BESTED,BESTER,BESTOW,BESTUL,BETAKE,BETCHA,BETETA,BETHEA,BETHEL,BETHKE,BETIDE,BETKER,BETLEY,BETOOK,BETRAY,BETSCH,BETSEY,BETTEN,BETTER,BETTES,BETTIN,BETTIS,BETTON,BETTOR,BETZER,BEULAH,BEUMER,BEUTEL,BEVANS,BEVARD,BEVENS,BEVERS,BEVIER,BEVILL,BEVINS,BEWARE,BEWLEY,BEXLEY,BEYERS,BEYMER,BEYNON,BEYOND,BEZDEK,BEZNER,BEZOLD,BHAKTA,BHATIA,BHATTI,BHIRUD,BHOPAL,BHOSLE,BHUTAN,BHUTTO,BIAGGI,BIALAS,BIALEK,BIALIK,BIAMBY,BIANCA,BIANCO,BIASED,BIASES,BIBBEE,BIBEAU,BIBLER,BIBLES,BICEPS,BICKEL,BICKER,BICKLE,BIDCOS,BIDDEN,BIDDER,BIDDIE,BIDDIX,BIDDLE,BIDING,BIEBEL,BIEBER,BIEGEL,BIEHLE,BIEKER,BIELAK,BIELAT,BIELBY,BIELEN,BIELER,BIELKE,BIERCE,BIERER,BIERLY,BIERMA,BIESER,BIEVER,BIFANO,BIFFLE,BIFIDA,BIGBEE,BIGBIE,BIGGAR,BIGGER,BIGGIE,BIGGIO,BIGHAM,BIGLER,BIGLEY,BIGLIN,BIGLOW,BIGOTS,BIGRAM,BIGSBY,BIGWIG,BIHARI,BIKERS,BIKING,BIKINI,BILBAO,BILBRO,BILGER,BILKED,BILLED,BILLER,BILLES,BILLET,BILLIE,BILLIG,BILLON,BILLOW,BILLUP,BILOXI,BILSKI,BILSKY,BILSON,BILTON,BILYEU,BIMBOS,BIMINI,BINARY,BINCHY,BINDEL,BINDER,BINDLE,BINGED,BINGEL,BINGER,BINGES,BINGLE,BINION,BINNER,BINNEY,BINNIE,BIOGEN,BIOMED,BIOMES,BIOMET,BIONDI,BIONDO,BIOPSY,BIOSIS,BIOSYS,BIOTIN,BIPPUS,BIRDEN,BIRDER,BIRDIE,BIREME,BIRKEL,BIRKES,BIRKEY,BIRLEY,BIRMAN,BIRMID,BIRNEY,BIRNIE,BIRREN,BIRTHS,BIRTLE,BISBEE,BISCOE,BISESI,BISHER,BISHOP,BISKUP,BISQUE,BISSEN,BISSET,BISSEY,BISSON,BISTRO,BITCHY,BITHER,BITING,BITLER,BITNER,BITNEY,BITTEL,BITTEN,BITTER,BITTLE,BITTON,BITZER,BIVENS,BIVINS,BIVONA,BIXLER,BJERKE,BJOERN,BJORGE,BLACKS,BLADED,BLADEN,BLADES,BLADOW,BLAESE,BLAHUT,BLAICH,BLAINE,BLAISE,BLAIZE,BLAKER,BLAKES,BLAKEY,BLAMED,BLAMES,BLANCA,BLANCH,BLANCK,BLANCO,BLANDA,BLANDO,BLANEY,BLANKE,BLANKS,BLARED,BLARES,BLASCO,BLASER,BLASIA,BLASKE,BLASKO,BLASTS,BLAUCH,BLAUER,BLAYNE,BLAYZE,BLAZED,BLAZEK,BLAZER,BLAZES,BLEACH,BLEARY,BLECHA,BLEEDS,BLEGEN,BLEICH,BLEIER,BLENDA,BLENDS,BLESER,BLIGHT,BLILEY,BLIMPS,BLINDS,BLINKS,BLITCH,BLITHE,BLIVEN,BLOATS,BLOBBY,BLOCKS,BLOKES,BLONDE,BLONDS,BLOODS,BLOODY,BLOOMS,BLOTCH,BLOUCH,BLOUGH,BLOUIN,BLOUNT,BLOUSE,BLOWED,BLOWER,BLOWUP,BLOXOM,BLOYER,BLUEST,BLUESY,BLUETT,BLUFFS,BLUING,BLUISH,BLUITT,BLUMER,BLUNCK,BLUNTS,BLURBS,BLURRY,BLURTS,BLYLER,BLYTHE,BOARDA,BOARDS,BOASTS,BOATED,BOBACK,BOBBER,BOBBIE,BOBBIN,BOBBLE,BOBCAT,BOBECK,BOBERG,BOBICK,BOBIER,BOBROW,BOCCIA,BOCCIO,BOCHCO,BOCHES,BOCIAN,BOCKUS,BOCOCK,BOCOOK,BOCUSE,BODDEN,BODDIE,BODEGA,BODELL,BODICE,BODIED,BODIES,BODILY,BODINE,BODKIN,BODLEY,BODMAN,BODMER,BODNAR,BODNER,BOEDER,BOEGER,BOEHLE,BOEHME,BOEHNE,BOEING,BOEKER,BOENIG,BOESAK,BOESCH,BOESEL,BOESEN,BOESKY,BOFORS,BOGACZ,BOGARD,BOGART,BOGDAN,BOGDEN,BOGDON,BOGERT,BOGGAN,BOGGED,BOGGIO,BOGGLE,BOGGUS,BOGNAR,BOGNER,BOGOTA,BOGUSZ,BOHALL,BOHART,BOHEME,BOHLEN,BOHLER,BOHLIN,BOHLKE,BOHMAN,BOHMER,BOHNEN,BOHNER,BOHNET,BOHREN,BOHRER,BOILED,BOILER,BOISEN,BOIVIN,BOKSEN,BOLAND,BOLCOM,BOLDEN,BOLDER,BOLDIN,BOLDLY,BOLDON,BOLDUC,BOLERO,BOLEYN,BOLGER,BOLICH,BOLICK,BOLINE,BOLING,BOLKER,BOLKOW,BOLLEN,BOLLER,BOLLES,BOLLIG,BOLLIN,BOLSER,BOLSON,BOLTED,BOLTEN,BOLTER,BOLTON,BOMBAY,BOMBED,BOMBER,BOMMER,BONDAR,BONDED,BONDRA,BONGOS,BONHAM,BONICA,BONIER,BONINE,BONING,BONINI,BONINO,BONIOR,BONITA,BONITO,BONKER,BONNER,BONNES,BONNET,BONNEY,BONNIE,BONNIN,BONNOR,BONOBO,BONOMO,BONSAI,BONSER,BONURA,BONWIT,BOODLE,BOOGIE,BOOHER,BOOING,BOOKED,BOOKER,BOOKIE,BOOKIN,BOOMED,BOOMER,BOORAS,BOORDA,BOORTZ,BOOSTS,BOOTED,BOOTEN,BOOTHE,BOOTHS,BOOTIE,BOOTON,BOOZER,BOPEEP,BOPERA,BOPPER,BORDAS,BORDEN,BORDER,BORDES,BORELL,BORGEN,BORGER,BORGES,BORGHI,BORGIA,BORING,BORJAS,BORMAN,BORNEO,BORNER,BOROFF,BOROWY,BORRAS,BORRIS,BORROR,BORROW,BORSCH,BORSKI,BORSUK,BORTEL,BORTEN,BORTLE,BORTON,BORUCH,BORUFF,BOSCIA,BOSHER,BOSKIN,BOSLER,BOSLEY,BOSMAN,BOSNIA,BOSSED,BOSSEN,BOSSES,BOSSIE,BOSTER,BOSTIC,BOSTON,BOSTRA,BOTANY,BOTERO,BOTFLY,BOTHAM,BOTHER,BOTHUN,BOTKIN,BOTNER,BOTOLF,BOTTEL,BOTTEN,BOTTLE,BOTTOM,BOUCHE,BOUDIN,BOUGHS,BOUGHT,BOUGIE,BOULAY,BOULER,BOULET,BOULEY,BOULEZ,BOULOS,BOUMAN,BOUNCE,BOUNCY,BOUNDS,BOUNDY,BOUNTY,BOURKE,BOURNE,BOURSE,BOUSKA,BOUTIN,BOUTON,BOUTTE,BOUYER,BOVARD,BOVERI,BOVINA,BOVINE,BOVINO,BOWARD,BOWCAN,BOWDEN,BOWDLE,BOWELL,BOWELS,BOWENS,BOWERS,BOWERY,BOWICK,BOWING,BOWKER,BOWLBY,BOWLDS,BOWLED,BOWLEN,BOWLER,BOWLES,BOWLEY,BOWLIN,BOWLUS,BOWMAN,BOWMEN,BOWMER,BOWNDS,BOWRON,BOWSED,BOWSER,BOWSES,BOWYER,BOXCAR,BOXELL,BOXERS,BOXING,BOXLEY,BOYACK,BOYDEN,BOYERS,BOYETT,BOYISH,BOYKIN,BOYLAN,BOYLEN,BOYLES,BOYLLS,BOYSEL,BOYSEN,BOYSON,BOYTER,BOZARD,BOZELL,BOZIAN,BOZICH,BOZMAN,BRAATZ,BRABEC,BRACCI,BRACCO,BRACED,BRACER,BRACES,BRACEY,BRACHT,BRADCO,BRADDY,BRADEN,BRADER,BRADYS,BRAGAN,BRAGER,BRAGGS,BRAHAM,BRAHMS,BRAIDS,BRAINS,BRAINY,BRAISE,BRAKED,BRAKER,BRAKES,BRAKKE,BRALEY,BRAMAH,BRAMAN,BRAMEL,BRAMER,BRANAM,BRANAN,BRANCA,BRANCH,BRANCO,BRANDA,BRANDE,BRANDI,BRANDL,BRANDO,BRANDS,BRANDT,BRANDY,BRANER,BRANIN,BRANKI,BRANKO,BRANKS,BRANNA,BRANON,BRANUM,BRAQUE,BRASCH,BRASCO,BRASEL,BRASIL,BRASOW,BRASSO,BRASSY,BRATON,BRAUCH,BRAUDE,BRAUER,BRAULT,BRAUND,BRAUNE,BRAUNS,BRAUSE,BRAVED,BRAVER,BRAVES,BRAWER,BRAWLS,BRAWNY,BRAYER,BRAZDA,BRAZEE,BRAZEL,BRAZEN,BRAZIL,BRAZOS,BREACH,BREADS,BREADY,BREAKS,BREAKY,BREAST,BREATH,BREAUX,BRECHT,BREDEN,BREECE,BREECH,BREEDS,BREESE,BREEZE,BREEZY,BREGER,BREIER,BREKKE,BREMEN,BREMER,BRENDA,BRENER,BRENES,BRENNA,BRENTS,BRESCA,BRESEE,BRESSE,BRETON,BRETTS,BREUER,BREVIG,BREVIK,BREWED,BREWER,BREWRY,BREYER,BRIANA,BRIAND,BRIANT,BRIBED,BRIBES,BRICCO,BRICKS,BRICOM,BRIDAL,BRIDEN,BRIDES,BRIDGE,BRIDIE,BRIDLE,BRIEFS,BRIERE,BRIESE,BRIGGS,BRIGHT,BRILES,BRILEY,BRIMER,BRINER,BRINES,BRINEY,BRINGS,BRINKS,BRIODY,BRIONY,BRISCO,BRISKI,BRISKY,BRISON,BRITON,BRITTS,BRIXEY,BRIZZI,BROACH,BROADY,BROBST,BROCCO,BROCHU,BRODEN,BRODER,BRODIE,BRODIN,BRODRY,BROERS,BROGAN,BROGNA,BROICH,BROKAW,BROKEN,BROKER,BROLIN,BROLLY,BROMAN,BRONCO,BRONER,BRONTE,BRONZE,BROOCH,BROODY,BROOKE,BROOKS,BROOME,BROOMS,BROPHY,BROSCH,BROSKI,BROSKY,BROTEN,BROTHS,BROUDY,BROUGH,BROUSE,BROWED,BROWER,BROWNE,BROWNS,BROWSE,BROZEK,BRUCIE,BRUCKS,BRUDER,BRUECK,BRUEHL,BRUGES,BRUINS,BRUISE,BRULEY,BRUMER,BRUMIT,BRUNCH,BRUNEI,BRUNER,BRUNET,BRUNEY,BRUNKE,BRUNTY,BRUNTZ,BRUSCA,BRUSCO,BRUSHY,BRUSKE,BRUSKI,BRUSKY,BRUTAL,BRUTON,BRUTUS,BRYANS,BRYANT,BRYARS,BRYDEN,BRYDIE,BRYDON,BRYMER,BRYNER,BRYSON,BUBBLE,BUBBLY,BUBECK,BUBIER,BUBOLZ,BUCARO,BUCASE,BUCCAL,BUCHAN,BUCHEN,BUCHER,BUCHKO,BUCHTA,BUCKED,BUCKEL,BUCKET,BUCKEY,BUCKLE,BUCOBA,BUCZEK,BUDDEN,BUDDHA,BUDDIE,BUDDIN,BUDGED,BUDGET,BUDICK,BUDNER,BUDNEY,BUDNIK,BUDROW,BUDSON,BUDVAR,BUDZYN,BUECHE,BUEKER,BUELOW,BUENOS,BUERGE,BUERRY,BUETER,BUETOW,BUFANO,BUFETE,BUFFER,BUFFET,BUFFIN,BUFFUM,BUFKIN,BUFORD,BUGBEE,BUGEYE,BUGGED,BUGGER,BUGHER,BUGLES,BUHLER,BUHMAN,BUHROW,BUICKS,BUILDS,BUKAVU,BULENT,BULGED,BULGER,BULGES,BULLEN,BULLER,BULLET,BULLIS,BULMAN,BULMER,BULOVA,BULSON,BUMANN,BUMBLE,BUMBLY,BUMMED,BUMMER,BUMPAS,BUMPED,BUMPER,BUMPUS,BUNCHE,BUNCHY,BUNDLE,BUNDYS,BUNGEE,BUNGER,BUNGEY,BUNKER,BUNNER,BUNNEY,BUNNIE,BUNTEN,BUNTIN,BUNTON,BUNTYN,BUNYAN,BUOYED,BUPKUS,BURACK,BURBLE,BURDEN,BURDGE,BURDIN,BURDON,BUREAU,BURELL,BURESH,BURGAN,BURGEE,BURGER,BURGES,BURGET,BURGIN,BURGIO,BURGOS,BURHAM,BURIAL,BURIAN,BURICH,BURIED,BURIES,BURKEL,BURKES,BURKET,BURKEY,BURKLE,BURKUS,BURLAP,BURLEW,BURLEY,BURMAH,BURMAN,BURNAM,BURNAP,BURNDY,BURNED,BURNER,BURNES,BURNET,BURNEY,BURNUP,BURPEE,BURRER,BURRES,BURRIS,BURROS,BURROW,BURRUS,BURSCH,BURSEY,BURSON,BURSTS,BURTCH,BURTIS,BURTON,BUSBEE,BUSBEY,BUSBIN,BUSBOY,BUSCHE,BUSHAW,BUSHBY,BUSHEE,BUSHEL,BUSHER,BUSHES,BUSHEY,BUSICK,BUSIED,BUSIER,BUSILY,BUSING,BUSKER,BUSKEY,BUSLER,BUSPAR,BUSSED,BUSSEN,BUSSER,BUSSES,BUSSEY,BUSSIE,BUSTED,BUSTER,BUSTIN,BUSTLE,BUSTOS,BUTALA,BUTANE,BUTARE,BUTEAU,BUTECO,BUTERA,BUTKUS,BUTLER,BUTMAN,BUTNER,BUTROS,BUTSCH,BUTSON,BUTTER,BUTTKE,BUTTON,BUTTRY,BUTZEN,BUTZER,BUTZIN,BUXTON,BUYERS,BUYING,BUYOUT,BUYSSE,BUZARD,BUZBEE,BUZZED,BUZZER,BUZZES,BYERLY,BYFORD,BYGONE,BYLAND,BYLAWS,BYLINE,BYLSMA,BYLUND,BYPASS,BYRNES,BYWAYS,BYWORD,CABANA,CABBIE,CABELL,CABINS,CABLEC,CABLED,CABLER,CABLES,CABRAL,CACACE,CACACI,CACCIA,CACHED,CACHES,CACHET,CACKLE,CACTUS,CADDEN,CADELL,CADENA,CADETS,CADMAN,CADMUS,CADRES,CAESAR,CAFARO,CAFFEE,CAFFEY,CAFTAN,CAGLEY,CAGNEY,CAGUAS,CAHALL,CAHASA,CAHILL,CAHOON,CAHOOT,CAHORA,CAINES,CAIOLA,CAIRNS,CAISON,CAISSE,CAJOLE,CAJUNS,CALAIS,CALAME,CALBOS,CALDER,CALDOR,CALEBS,CALECA,CALERO,CALFED,CALFEE,CALGON,CALICO,CALIDA,CALIFF,CALILL,CALIPH,CALIRI,CALISE,CALITE,CALKIN,CALLAN,CALLAS,CALLED,CALLEN,CALLER,CALLES,CALLEY,CALLIE,CALLIS,CALLOW,CALLUM,CALLUS,CALMAR,CALMAT,CALMED,CALMER,CALMES,CALMLY,CALNAN,CALPIS,CALTEX,CALTHA,CALTON,CALUZU,CALVES,CALVET,CALVEY,CALVIN,CAMARA,CAMARO,CAMBER,CAMBEX,CAMBRA,CAMBRE,CAMDEN,CAMECO,CAMEJO,CAMELS,CAMEOS,CAMERA,CAMERO,CAMINO,CAMIRE,CAMMER,CAMMIE,CAMMON,CAMPAU,CAMPED,CAMPEN,CAMPER,CAMPOS,CAMPUS,CAMRYS,CAMUSO,CANAAN,CANACE,CANADA,CANADY,CANALE,CANALS,CANARD,CANARY,CANCAN,CANCEL,CANCER,CANCIO,CANCOM,CANCRO,CANCUN,CANDEE,CANDIA,CANDID,CANDIE,CANDLE,CANDOR,CANEDO,CANEDY,CANELO,CANEPA,CANFOR,CANHAM,CANIDA,CANINE,CANING,CANINO,CANION,CANIPE,CANKER,CANNAN,CANNED,CANNER,CANNES,CANNEY,CANNON,CANNOT,CANOED,CANOES,CANOGA,CANOLA,CANONS,CANOPY,CANOSA,CANOVA,CANRAD,CANRON,CANSON,CANTEL,CANTER,CANTEY,CANTIN,CANTLE,CANTON,CANTOR,CANUCK,CANUPP,CANVAS,CANYON,CAPANO,CAPCHA,CAPCOM,CAPECE,CAPECI,CAPELL,CAPERS,CAPITA,CAPITO,CAPLAN,CAPLES,CAPLEY,CAPLIN,CAPONE,CAPONI,CAPOTE,CAPPED,CAPPEL,CAPPER,CAPRIO,CAPRON,CAPTOR,CAPUTI,CAPUTO,CARAFE,CARANO,CARATS,CARAVA,CARBIN,CARBON,CARBOY,CARDED,CARDEN,CARDER,CARDIA,CARDIN,CARDIO,CARDIS,CARDON,CAREEN,CAREER,CARENA,CARESS,CARGAL,CARGOS,CARIBE,CARICO,CARIDI,CARINE,CARING,CARINI,CARINO,CARITA,CARLAN,CARLEN,CARLES,CARLEY,CARLIN,CARLON,CARLOS,CARLOW,CARMAN,CARMEL,CARMEN,CARMER,CARMIE,CARMON,CARMOY,CARNAL,CARNER,CARNES,CARNEY,CAROLE,CAROLS,CARONE,CAROSI,CAROTA,CARPAL,CARPER,CARPET,CARPIO,CARRAS,CARREL,CARREY,CARRIE,CARRIG,CARRIS,CARROL,CARRON,CARROT,CARROW,CARSEY,CARSON,CARTED,CARTEE,CARTEL,CARTER,CARTON,CARUSO,CARUTH,CARVED,CARVEL,CARVER,CARVES,CARVEY,CARVIN,CASADA,CASADO,CASADY,CASALE,CASALI,CASALS,CASAUS,CASBAH,CASCIO,CASEIN,CASERA,CASESA,CASEZE,CASHED,CASHEN,CASHER,CASHES,CASHEW,CASHIN,CASHON,CASIAS,CASING,CASINO,CASKET,CASKEY,CASLER,CASLIN,CASNER,CASOLA,CASPAR,CASPER,CASSAR,CASSEB,CASSEL,CASSIA,CASSIE,CASSIN,CASSIS,CASSON,CASTEL,CASTEN,CASTER,CASTES,CASTIO,CASTLE,CASTON,CASTOR,CASTRO,CASUAL,CATAIN,CATALA,CATANO,CATCHY,CATENA,CATERS,CATHAY,CATHER,CATHEY,CATHIE,CATIJA,CATINO,CATLIN,CATNAP,CATNIP,CATONE,CATRON,CATSUP,CATTLE,CATTON,CAUBLE,CAUCUS,CAUDAL,CAUDLE,CAUGHT,CAULEY,CAUSAL,CAUSBY,CAUSED,CAUSER,CAUSES,CAUSEY,CAVACO,CAVEAT,CAVELL,CAVERN,CAVERS,CAVETT,CAVIAR,CAVING,CAVINS,CAVITT,CAVITY,CAVORT,CAWLEY,CAWOOD,CAXTON,CAYLIN,CAYLOR,CAYMAN,CAYSON,CAYTON,CAZIER,CDROMS,CEASAR,CEASED,CEASER,CEASES,CEBULA,CECALA,CECCHI,CECERE,CECILE,CECOLA,CEDARS,CEDENO,CEDING,CEDRAS,CEDRIC,CEFALO,CEFALU,CELANI,CELANO,CELAYA,CELEBS,CELENA,CELENE,CELERY,CELICA,CELINA,CELINE,CELIUM,CELLAR,CELLED,CELLIO,CELMER,CELNIK,CELONA,CELTIC,CEMENT,CENCOR,CENITH,CENSER,CENSOR,CENSUS,CENTEL,CENTER,CENTEX,CENTRE,CENTRO,CENTUM,CEPEDA,CEPERO,CEPHAS,CEPHUS,CERAMI,CEREAL,CERENO,CEREZO,CERINO,CERISE,CERMAK,CERNEY,CERONE,CERSKA,CERVIX,CESARE,CESARO,CESARZ,CESENA,CESIUM,CESSNA,CETERA,CEVAXS,CEYLON,CHABON,CHABOT,CHACHI,CHACIN,CHACKO,CHACON,CHADEL,CHADLI,CHAFED,CHAFEE,CHAFES,CHAFFY,CHAFIN,CHAINS,CHAIRS,CHAISE,CHAJET,CHALET,CHALKS,CHAMPA,CHAMPS,CHANCE,CHANCY,CHANDA,CHANEL,CHANEY,CHANGE,CHANIN,CHANOS,CHANTS,CHAPAS,CHAPEK,CHAPEL,CHAPIN,CHAPUT,CHAREN,CHARGE,CHARLA,CHARLE,CHARLS,CHARMS,CHARON,CHARRY,CHARTS,CHARYL,CHASED,CHASEN,CHASER,CHASES,CHASIN,CHASKA,CHASON,CHASSE,CHASTE,CHATTY,CHAVES,CHAVEZ,CHAVIN,CHAVIS,CHAWLA,CHAYON,CHAZEN,CHAZOV,CHEANE,CHEAPO,CHEATS,CHECKS,CHEECH,CHEEKS,CHEEKY,CHEELY,CHEERS,CHEERY,CHEESE,CHEESY,CHEIMI,CHELAN,CHEMED,CHEMEL,CHEMIE,CHEMYR,CHENEY,CHEONG,CHEQUE,CHERIE,CHERNE,CHERNY,CHERRY,CHERTS,CHERUB,CHERYL,CHESTS,CHEUNG,CHEUSE,CHEVES,CHEVIK,CHEVIS,CHEVYS,CHEWED,CHEWER,CHEYNE,CHIANG,CHIARA,CHIARO,CHICHI,CHICKS,CHIDED,CHIDES,CHIEFS,CHIESA,CHIKOS,CHILDE,CHILDS,CHILES,CHILIS,CHILLS,CHILLY,CHIMED,CHIMES,CHIMIE,CHIMPS,CHINEN,CHINKS,CHINOY,CHIODO,CHIPPS,CHIPPY,CHIRAC,CHIRCO,CHIRON,CHIRPS,CHIRPY,CHISAM,CHISEL,CHISOM,CHISUM,CHITRA,CHITTY,CHIVAS,CHIVES,CHIZEK,CHMIEL,CHMURA,CHOATE,CHOICE,CHOIRS,CHOKED,CHOKES,CHOLET,CHOLLA,CHONKO,CHOONG,CHOOSE,CHOOSY,CHOPER,CHOPIN,CHOPPY,CHOPRA,CHORAL,CHORBA,CHORDS,CHORES,CHORIC,CHORUS,CHOSEN,CHOSUN,CHOVAN,CHOYCE,CHREST,CHRISP,CHRISS,CHRIST,CHROME,CHRYST,CHRZAN,CHUANG,CHUBBY,CHUGAI,CHUMMY,CHUNKS,CHUNKY,CHURCH,CHURNS,CHURRY,CHUSTZ,CHUTES,CHYRON,CIAMPA,CIAMPI,CIANCI,CIARDI,CIARLO,CIBULA,CICADA,CICALA,CICELY,CICERO,CICHON,CICILY,CIESLA,CIGARS,CIHLAR,CILLER,CILLEY,CIMINI,CIMINO,CINDER,CINDIE,CINEMA,CINQUE,CINRAM,CIOCCA,CIOFFI,CIOLEK,CIOTTI,CIPHER,CIRCLE,CIRCON,CIRCUS,CIRESI,CIRINO,CIRKIN,CIRONE,CIRQUE,CIRRUS,CISKEI,CISLER,CISNEY,CISSIE,CISSNA,CISZEK,CITIES,CITING,CITRIC,CITRIN,CITRON,CITRUS,CIUCCI,CIUDAD,CIULLA,CIULLO,CIVICS,CLABIR,CLAEYS,CLAGUE,CLAIMS,CLAIRE,CLAMEN,CLAMMY,CLAMOR,CLAMPS,CLANCY,CLANIN,CLARAN,CLARDY,CLAREN,CLAREY,CLARIS,CLARKE,CLARKS,CLASBY,CLASEN,CLASON,CLASSY,CLAUDE,CLAUSE,CLAUSS,CLAVIN,CLAWED,CLAXON,CLAYEY,CLEANS,CLEARS,CLEARY,CLEATS,CLEAVE,CLEERE,CLEESE,CLEMEN,CLEMMY,CLENCH,CLERCQ,CLERGY,CLERIC,CLERKS,CLEVEN,CLEVER,CLEVIE,CLEWIS,CLICHE,CLICKS,CLIENT,CLIETT,CLIFFE,CLIFFS,CLIMAX,CLIMBS,CLIMER,CLIMES,CLINCH,CLINES,CLINGS,CLINIC,CLIQUE,CLITES,CLIVER,CLOCKS,CLONCH,CLONED,CLONES,CLONTS,CLONTZ,CLOROX,CLOSED,CLOSER,CLOSES,CLOSET,CLOTHE,CLOTHS,CLOUDS,CLOUDY,CLOUGH,CLOUSE,CLOVER,CLOVES,CLOVIS,CLOWER,CLOWES,CLOWNS,CLUBBY,CLUCAS,CLUCKS,CLUETT,CLUKEY,CLUMPS,CLUMPY,CLUMSY,CLUNKS,CLUNKY,CLUTCH,CLUTTS,CLYATT,CLYMER,CLYTIE,COARSE,COASTS,COATED,COATES,COAXED,COAXES,COAXUM,COBAIN,COBALT,COBBLE,COBEPA,COBERN,COBERT,COBIAN,COBLER,COBRAS,COBRIN,COBURN,COBWEB,COCCHI,COCCIA,COCCUS,COCHIN,COCKED,COCKER,COCKEY,COCKLE,COCOON,CODDLE,CODESA,CODIFY,CODING,CODLIN,CODNER,COEHLO,COELHO,COELLO,COENEN,COERCE,COFFEE,COFFEL,COFFER,COFFEY,COFFIN,COFIDE,COGECO,COGEMA,COGENT,COGGIN,COGLEY,COGNAC,COGNEX,COHERE,COHIBA,COHICK,COHILL,COHOON,COHORT,COHOST,COHRON,COIFFE,COILED,COINED,COINER,COITUS,COKING,COKLEY,COLBYS,COLDEN,COLDER,COLDLY,COLECO,COLEEN,COLEUS,COLFER,COLGAN,COLGIN,COLIER,COLINA,COLINE,COLINO,COLLAR,COLLEN,COLLER,COLLET,COLLEY,COLLIE,COLLIN,COLLIS,COLLOM,COLLOR,COLLUM,COLMAN,COLMER,COLOMA,COLOMB,COLONY,COLOPY,COLORS,COLOSI,COLOUR,COLSON,COLTEC,COLTER,COLTIE,COLTON,COLUMN,COLVER,COLVIN,COLYER,COMAIR,COMBAT,COMBED,COMBEE,COMBER,COMBES,COMDEN,COMDEX,COMEAU,COMEDY,COMELY,COMERS,COMETH,COMETS,COMFED,COMICS,COMING,COMINO,COMINS,COMITO,COMITY,COMLEY,COMMAS,COMMIE,COMMIT,COMMON,COMPAQ,COMPAS,COMPEL,COMPLY,COMPUS,COMRIE,COMSAT,CONAIR,CONANT,CONARD,CONATY,CONBOY,CONCHA,CONCUR,CONDER,CONDIE,CONDIT,CONDOM,CONDON,CONDOR,CONDOS,CONDRA,CONDRY,CONELY,CONERY,CONFER,CONGER,CONICS,CONJUL,CONKEL,CONKEY,CONKIN,CONKLE,CONLAN,CONLEE,CONLEY,CONLIN,CONLON,CONLOW,CONNAN,CONNED,CONNER,CONNIE,CONNON,CONNOR,CONOCO,CONOLY,CONRAC,CONRAD,CONRAN,CONREY,CONROE,CONROW,CONROY,CONSER,CONSIS,CONSOB,CONSOL,CONSUL,CONTAC,CONTEL,CONTOS,CONTRA,CONVEX,CONVEY,CONVOY,CONWAY,CONYER,COOGAN,COOGLE,COOING,COOKED,COOKER,COOKIE,COOLED,COOLER,COOLEY,COOLIO,COOLLY,COOMBE,COOMBS,COOMER,COOMES,COONAN,COONCE,COONER,COONES,COONEY,COONTZ,COOPED,COOPER,COOTER,COOVER,COPHER,COPIED,COPIER,COPIES,COPING,COPLAN,COPLEN,COPLEY,COPLIN,COPPED,COPPEE,COPPEL,COPPER,COPPIN,COPPLE,COPSEY,COPTIC,CORALS,CORATH,CORBAN,CORBEL,CORBET,CORBIN,CORBIT,CORCAP,CORDAY,CORDED,CORDER,CORDES,CORDIE,CORDIS,CORDLE,CORDON,CORDRY,CORDTS,CORELL,CORIER,CORINA,CORINN,CORISA,CORKEN,CORKER,CORKUM,CORLEW,CORLEY,CORMAN,CORMEN,CORNEA,CORNEL,CORNER,CORNET,CORNEY,CORNIA,CORNIE,CORONA,CORPSE,CORPUS,CORPUZ,CORRAL,CORRAO,CORREA,CORRIB,CORRIE,CORRIN,CORRON,CORROW,CORSER,CORSET,CORSON,CORTEN,CORTER,CORTES,CORTEX,CORTEZ,CORTIN,CORVIN,CORVUS,CORWIN,COSATU,COSCIA,COSELL,COSENS,COSIMA,COSMAN,COSMIC,COSMOS,COSNER,COSPER,COSSAT,COSSET,COSSEY,COSSIN,COSTAR,COSTAS,COSTCO,COSTED,COSTEN,COSTER,COSTIN,COSTLY,COSTON,COSTRA,COTHAM,COTIJA,COTLER,COTMAN,COTNER,COTNEY,COTRET,COTTAM,COTTEE,COTTEN,COTTER,COTTLE,COTTOM,COTTON,COUFAL,COUGAR,COUGHS,COULEE,COULON,COUNCE,COUNTS,COUNTY,COUPER,COUPES,COUPLE,COUPON,COURIC,COURSE,COURTS,COUSAR,COUSER,COUSIN,COUTEE,COUTTS,COVALT,COVELL,COVENT,COVERS,COVERT,COVETS,COVILL,COVINA,COVINO,COVITZ,COWANS,COWARD,COWART,COWBOY,COWDEN,COWEDA,COWELL,COWENS,COWGER,COWHER,COWING,COWLES,COWLEY,COWMAN,COWPER,COWSER,COYNER,COYOTE,COZART,COZIER,COZINE,COZMAN,CRABBE,CRABBS,CRABBY,CRABLE,CRACKS,CRADER,CRADIC,CRADLE,CRAFTS,CRAFTY,CRAGER,CRAGGS,CRAGGY,CRAGIN,CRAGLE,CRAGUN,CRAIGO,CRAINE,CRAKER,CRAMER,CRAMES,CRAMPS,CRANCE,CRANED,CRANER,CRANES,CRANEY,CRANKS,CRANKY,CRANNY,CRANOR,CRAPPS,CRAPPY,CRATER,CRATES,CRATIA,CRATON,CRATTY,CRAUGH,CRAVED,CRAVEN,CRAVER,CRAVES,CRAVEY,CRAVIN,CRAWLS,CRAWLY,CRAYNE,CRAYON,CRAZED,CREACH,CREAGH,CREAKY,CREAMS,CREAMY,CREASE,CREASY,CREATE,CREATH,CRECHE,CREDIT,CREDLE,CREECH,CREECY,CREEDS,CREEKS,CREELY,CREEPS,CREEPY,CREGAN,CREGAR,CREGER,CREHAN,CREMER,CREMIN,CREOLE,CREPES,CREQUE,CRESAP,CRESCI,CRESON,CRESPI,CRESPO,CRESSY,CRESTS,CRETIN,CREWEL,CREWES,CRIBBS,CRIDER,CRIGER,CRILLY,CRIMEA,CRIMES,CRIMPS,CRINER,CRINGE,CRIPPS,CRISCI,CRISCO,CRISES,CRISIS,CRISPO,CRISPY,CRISTA,CRISTO,CRITES,CRITIC,CRITON,CRIVEN,CROATS,CROCCO,CROCUS,CROFTS,CROGAN,CROKER,CROLEY,CROMER,CROMIE,CRONAN,CRONCE,CRONEN,CRONER,CRONEY,CRONIN,CRONUS,CROOKE,CROOKS,CROOMS,CROONS,CROSBY,CROSON,CROSSE,CROTCH,CROTTS,CROTTY,CROUCH,CROUGH,CROUSE,CROVLS,CROWDS,CROWED,CROWLE,CROWNE,CROWNS,CROWNX,CROYLE,CRUCES,CRUDDY,CRUDES,CRUDUP,CRUGER,CRUISE,CRUMBS,CRUMBY,CRUMLY,CRUMMY,CRUNCH,CRUSAN,CRUSER,CRUSOE,CRUSTS,CRUSTY,CRUTCH,CRUZAN,CRUZEN,CRYDER,CRYING,CRYMES,CRYPTO,CRYPTS,CUADRA,CUBANS,CUBISM,CUBIST,CUCCHI,CUCCIA,CUCCIO,CUCKOO,CUDAHY,CUDDLE,CUDDLY,CUDGEL,CUDNEY,CUELLO,CUENCA,CUERVO,CUESTA,CUEVAS,CUFFED,CUFFEE,CUGINI,CUHNEY,CULBRO,CULKIN,CULLAN,CULLED,CULLEN,CULLER,CULLET,CULLEY,CULLIN,CULLOM,CULLOP,CULLUD,CULLUM,CULMER,CULTIC,CULTON,CULVER,CUMBEE,CUMBER,CUMBIA,CUMBIE,CUNARD,CUOZZO,CUPIDS,CUPOLA,CURARE,CURARI,CURATE,CURBED,CURBOW,CURCIO,CURFEW,CURIEL,CURING,CURIOS,CURLED,CURLEE,CURLER,CURLEY,CURLIN,CURNOW,CURRAN,CURREN,CURREY,CURRIE,CURRIN,CURRYS,CURSED,CURSES,CURSOR,CURTIN,CURTIS,CURTLY,CURTSY,CURVED,CURVES,CURVIN,CURZIO,CUSACK,CUSANO,CUSHEY,CUSICK,CUSSED,CUSSON,CUSTER,CUSTIS,CUSTOM,CUTAIA,CUTEST,CUTESY,CUTLER,CUTLIP,CUTOFF,CUTOUT,CUTRER,CUTTER,CUYLER,CWIKLA,CWYNAR,CYBILL,CYBORG,CYCADS,CYCARE,CYCLED,CYCLES,CYCLIC,CYGNUS,CYMBAL,CYMROT,CYNARA,CYNICS,CYNRIC,CYNWYD,CYPERT,CYPHER,CYPRIS,CYPRUS,CYRANO,CYRENA,CYSTIC,CZAJKA,CZAPLA,CZARNY,CZECHS,CZERNY,DABBLE,DABHOL,DABNEY,DACHAU,DACRON,DACRUZ,DACTYL,DADAMO,DADFAR,DAELIM,DAEMON,DAEWOO,DAFFIN,DAGATA,DAGGER,DAGLEY,DAGMAR,DAHILL,DAHLEM,DAHLEN,DAHLER,DAHLIA,DAHLIN,DAHLKE,DAHMAN,DAHMEN,DAHMER,DAHNKE,DAIGLE,DAIGRE,DAIKIN,DAILEY,DAINES,DAINTY,DAISEY,DAKOTA,DALBAR,DALBEC,DALBEY,DALETH,DALFEN,DALIAN,DALILA,DALKON,DALLAS,DALLEY,DALMAN,DALOIA,DALTON,DAMAGE,DAMASK,DAMATO,DAMBRA,DAMIAN,DAMICO,DAMIEN,DAMITA,DAMITZ,DAMMAM,DAMMAN,DAMMED,DAMMEN,DAMMER,DAMMIT,DAMNED,DAMONE,DAMONS,DAMORE,DAMOUR,DAMPED,DAMPEN,DAMPER,DAMRON,DAMROW,DAMSEL,DAMSON,DAMUTH,DANAHY,DANCED,DANCER,DANCES,DANCEY,DANEEL,DANELL,DANESE,DANGEL,DANGER,DANGLE,DANICA,DANIEL,DANISH,DANJUB,DANJUS,DANKER,DANLEY,DANNEN,DANNER,DANNIE,DANSBY,DANSER,DANSIE,DANSKE,DANSKY,DANSON,DANTIN,DANTON,DANUBE,DANZER,DANZIG,DAOUST,DAPHNE,DAPICE,DAPPER,DARCEY,DARCIE,DARDAR,DARDEN,DARDIS,DARFUR,DARGAN,DARGIS,DARICE,DARIEN,DARING,DARITY,DARIUS,DARKEN,DARKER,DARKIE,DARKLY,DARLEY,DARLIE,DARLIN,DARMAN,DARMON,DARNED,DARNEL,DARNER,DAROSA,DARRAH,DARREL,DARREN,DARRIN,DARROW,DARRYL,DARSEY,DARTED,DARTER,DARTEZ,DARTON,DARWIN,DASARO,DASEKE,DASHED,DASHEL,DASHER,DASHES,DASPIN,DASPIT,DASSOW,DATEXT,DATING,DATRON,DATSUN,DATURA,DAUBED,DAUBER,DAURIA,DAUZAT,DAVERN,DAVIDA,DAVIDE,DAVIDS,DAVIES,DAVILA,DAVINA,DAVINO,DAVITT,DAVLIN,DAVOLI,DAWDLE,DAWLEY,DAWNED,DAWSEY,DAWSON,DAYLEY,DAYTON,DAYTOP,DAZZLE,DEACON,DEADEN,DEADER,DEADLY,DEAFEN,DEAKIN,DEALBA,DEALER,DEALEY,DEAMER,DEANDA,DEANER,DEANNA,DEARER,DEARLY,DEARTH,DEASON,DEATER,DEATHS,DEATON,DEAVER,DEBARR,DEBASE,DEBATE,DEBAUN,DEBBIE,DEBEER,DEBELL,DEBLUM,DEBNAM,DEBOER,DEBOLD,DEBOLT,DEBONA,DEBONO,DEBORA,DEBORD,DEBOSE,DEBRIS,DEBTOR,DEBUHR,DEBUNK,DEBUSK,DEBUTS,DECADE,DECALS,DECAMP,DECANT,DECARO,DECATO,DECAYS,DECEIT,DECENT,DECIDE,DECIMA,DECKED,DECKER,DECLUE,DECODE,DECOLA,DECOOK,DECOYS,DECREE,DECTER,DECUIR,DEDHAM,DEDIOS,DEDMAN,DEDMON,DEDUCE,DEDUCT,DEEDED,DEEDEE,DEEGAN,DEEHAN,DEELEY,DEEMED,DEEMER,DEENER,DEENEY,DEEPAK,DEEPEN,DEEPER,DEEPLY,DEETER,DEFACE,DEFAME,DEFCON,DEFEAT,DEFECT,DEFEND,DEFERS,DEFIED,DEFIES,DEFINA,DEFINE,DEFINO,DEFOOR,DEFORD,DEFORE,DEFORM,DEFRAY,DEFTLY,DEFUND,DEFUSE,DEGLER,DEGNAN,DEGNER,DEGOOD,DEGRAW,DEGRAY,DEGREE,DEHAAN,DEHAAS,DEHART,DEHECQ,DEHERE,DEHLER,DEHMER,DEHNER,DEHOFF,DEIBEL,DEIDRE,DEIGNS,DEIKEL,DEINES,DEITCH,DEITER,DEJEAN,DEJECT,DEJOHN,DEJONG,DEKALB,DEKKER,DELACY,DELAGE,DELAIR,DELAND,DELANE,DELANO,DELANY,DELAPP,DELARA,DELAYS,DELCOR,DELEON,DELETE,DELFIN,DELIAL,DELICH,DELILA,DELIMA,DELINE,DELISA,DELISE,DELISI,DELIST,DELKER,DELLER,DELLIS,DELMAN,DELMAR,DELMAS,DELMED,DELMER,DELONG,DELORA,DELORE,DELORS,DELOSH,DELPHI,DELRAY,DELRIO,DELTAK,DELTAS,DELTEC,DELUCA,DELUDE,DELUGE,DELUNA,DELUXE,DELVED,DELVES,DELVIN,DELWIN,DELWIP,DELWYN,DELZER,DEMAIN,DEMAIO,DEMAND,DEMARK,DEMARS,DEMARY,DEMASI,DEMAYO,DEMEAN,DEMELO,DEMENT,DEMERS,DEMERY,DEMICK,DEMILO,DEMING,DEMINT,DEMISE,DEMISH,DEMLER,DEMMER,DEMMON,DEMOND,DEMONS,DEMONT,DEMORE,DEMORY,DEMOSS,DEMOTE,DEMOTT,DEMSKI,DEMSKY,DEMURE,DEMURO,DEMURS,DEMUTH,DEMYAN,DENARD,DENARO,DENBOW,DENDEN,DENEAU,DENEEN,DENEKE,DENEVE,DENGEL,DENGUE,DENHAM,DENIAL,DENICE,DENIED,DENIES,DENIKE,DENIRO,DENISE,DENKER,DENLEA,DENLEY,DENMAN,DENMON,DENNEN,DENNER,DENNEY,DENNIE,DENNIN,DENNIS,DENOTE,DENSCH,DENSER,DENSON,DENTAL,DENTED,DENTIN,DENTON,DENTSU,DENUDE,DENVER,DENYSE,DENZEL,DENZER,DENZIL,DEPACE,DEPALO,DEPART,DEPASS,DEPAUL,DEPAUW,DEPEND,DEPICT,DEPINA,DEPLOY,DEPNER,DEPOLO,DEPORT,DEPOSE,DEPOSI,DEPOTS,DEPPEN,DEPREE,DEPREY,DEPREZ,DEPTHS,DEPUTY,DERAIL,DERAMO,DERDEN,DEREGT,DERHAM,DERICK,DERIDA,DERIDE,DERING,DERISE,DERISO,DERIVE,DERMAL,DERMAN,DERMER,DERMIS,DERMOT,DERNER,DEROOS,DEROSA,DEROSE,DERRIG,DERROW,DERSCH,DERUKO,DERVIN,DERWIN,DERYCK,DERYLE,DESENA,DESERT,DESHAW,DESHON,DESIGN,DESIRE,DESIST,DESKIN,DESMAN,DESMET,DESOTO,DESPER,DESPOT,DESTEC,DESTIN,DETACH,DETAIL,DETAIN,DETECT,DETERS,DETERT,DETEST,DETJEN,DETMER,DETORE,DETOUR,DETTER,DETURK,DETZEL,DEUBEL,DEUSER,DEUTCH,DEVALL,DEVANE,DEVANY,DEVAUL,DEVAUX,DEVEAU,DEVENS,DEVENY,DEVERA,DEVERE,DEVERS,DEVICE,DEVILS,DEVINE,DEVINO,DEVINS,DEVISE,DEVITA,DEVITO,DEVITT,DEVIVO,DEVLIN,DEVOID,DEVOLL,DEVONA,DEVORE,DEVOSS,DEVOTE,DEVOTO,DEVOUR,DEVOUT,DEVROY,DEWALD,DEWALL,DEWALT,DEWARE,DEWARR,DEWART,DEWBRE,DEWEES,DEWELL,DEWINE,DEWING,DEWIRE,DEWITT,DEWITZ,DEWOLF,DEWULF,DEXTER,DEXTRA,DEXTRO,DEYTON,DEZARN,DEZERN,DEZIEL,DHARMA,DHIRAJ,DHONDT,DIABLO,DIADEM,DIALED,DIALOG,DIANNA,DIANNE,DIAPER,DIARIO,DIBARI,DIBBLE,DIBERT,DIBOLL,DIBONA,DICEON,DICIER,DICING,DICKEL,DICKEN,DICKER,DICKES,DICKEY,DICKIE,DICOLA,DICOTS,DICTUM,DIDIER,DIDION,DIEBEL,DIEDRE,DIEGEL,DIEMER,DIENER,DIENES,DIENST,DIERKS,DIESEL,DIESES,DIETEL,DIETER,DIETZE,DIFFEE,DIFFER,DIFFID,DIFFIN,DIGATE,DIGEST,DIGGER,DIGGES,DIGGLE,DIGITI,DIGITS,DIGMAN,DIGNAN,DIJKER,DILATE,DILDAY,DILDOS,DILGER,DILLAN,DILLEN,DILLER,DILLEY,DILLIE,DILLIN,DILLON,DILLOW,DILSON,DILUTE,DIMAIO,DIMARE,DIMASI,DIMICK,DIMING,DIMINO,DIMMED,DIMMER,DIMOCK,DIMONA,DIMOND,DIMPLE,DIMURO,DINARS,DINEEN,DINERS,DINESH,DINGEE,DINGEL,DINGER,DINGES,DINGHY,DINGLE,DINGUS,DINING,DININO,DINIUS,DINKEL,DINNER,DINOTO,DINOVO,DIODES,DIONNE,DIORIO,DIOXIN,DIPOLE,DIPPED,DIPPEL,DIPPER,DIPPLE,DIRCKS,DIRECT,DIREST,DIRKES,DIRKSE,DIRLAM,DIROSA,DISANO,DISARM,DISBAR,DISBRO,DISCOS,DISCUS,DISHAW,DISHED,DISHER,DISHES,DISHON,DISKIN,DISMAL,DISMAY,DISNEY,DISOWN,DISPEL,DISQUE,DISTAD,DISTAL,DISTEL,DISTIL,DISUSE,DITHER,DITLOW,DITMER,DITTER,DITTON,DITTUS,DITZEL,DIVALL,DIVELY,DIVENS,DIVERS,DIVERT,DIVEST,DIVIDE,DIVINE,DIVING,DIVITA,DIVITO,DIWALI,DIXONS,DIXSON,DLOUHY,DLUGOS,DMITRI,DOABLE,DOANNA,DOBBIE,DOBBIN,DOBESH,DOBIAS,DOBIES,DOBKIN,DOBLER,DOBOSZ,DOBRIN,DOBSON,DOBYNS,DOCENT,DOCHOW,DOCILA,DOCILE,DOCKED,DOCKEN,DOCKER,DOCKET,DOCTOR,DODARO,DODGED,DODGEN,DODGER,DODGES,DODSON,DOEDEN,DOEPKE,DOGEAR,DOGGED,DOGGIE,DOHENY,DOHMAN,DOHMEN,DOHNER,DOIDGE,DOINGS,DOIRON,DOKELY,DOKKEN,DOKTOR,DOLAND,DOLATA,DOLBOW,DOLDER,DOLGEN,DOLGIN,DOLING,DOLLAN,DOLLAR,DOLLED,DOLLEY,DOLLIE,DOLLOP,DOLMAN,DOLNEY,DOLSON,DOLTON,DOMAIN,DOMBEK,DOMECQ,DOMICO,DOMINA,DOMINE,DOMINI,DOMINO,DOMINY,DOMMER,DOMMIE,DOMTAR,DONAHO,DONAIS,DONALD,DONATA,DONATE,DONATH,DONATI,DONATO,DONDER,DONGEN,DONHAM,DONICA,DONKEY,DONLAN,DONLEY,DONLIN,DONLON,DONNAN,DONNAS,DONNAY,DONNED,DONNER,DONNIE,DONOHO,DONORS,DONUTS,DONVAN,DOODAD,DOODLE,DOOGIE,DOOLAN,DOOLEN,DOOLEY,DOOLIN,DOOMED,DOONAN,DOONER,DOPSON,DORADO,DORAIS,DORCAS,DOREEN,DORENA,DORENE,DORGAN,DORIAN,DORICE,DORINE,DORING,DORION,DORISE,DORITY,DORMAN,DORMER,DORNAK,DORNAM,DORNAN,DORNER,DORNEY,DORNIN,DORRIE,DORRIS,DORROH,DORSAL,DORSCH,DORSET,DORSEY,DORTCH,DORTHY,DORTON,DORVAL,DOSAGE,DOSHER,DOSIER,DOSING,DOSSEY,DOSTAL,DOSTER,DOSTIE,DOTHAN,DOTING,DOTSON,DOTTED,DOTTER,DOTTIE,DOUBEK,DOUBET,DOUBLE,DOUBLY,DOUBTS,DOUCET,DOUCHE,DOUDNA,DOUGAL,DOUGAN,DOUGHY,DOUGIE,DOUKAS,DOUSED,DOVISH,DOWDEN,DOWDLE,DOWELL,DOWELS,DOWERS,DOWLEN,DOWLER,DOWNED,DOWNEN,DOWNER,DOWNES,DOWNEY,DOWNIE,DOWNUM,DOZENS,DOZIER,DOZING,DRABEK,DRABIK,DRAFTS,DRAFTY,DRAGAN,DRAGER,DRAGGY,DRAGON,DRAGOO,DRAHOS,DRAINE,DRAINS,DRAKES,DRAKOS,DRALLE,DRAMAS,DRANEY,DRAPED,DRAPER,DRAPES,DRAVES,DRAVIS,DRAWDY,DRAWER,DRAWLS,DRAYER,DREADS,DREAMS,DREAMT,DREAMY,DREARY,DREDGE,DREESE,DREGER,DREHER,DREIER,DREMAN,DRENCH,DRENTH,DRESCH,DRESEN,DRESSY,DREWES,DREWRY,DREXEL,DREYER,DRIEST,DRIFTA,DRIFTS,DRIGGS,DRILLS,DRINAS,DRINKS,DRIPPS,DRIVEL,DRIVEN,DRIVER,DRIVES,DROBNY,DRODDY,DROEGE,DROGUE,DROHAN,DROIDS,DROLET,DROMER,DROMEY,DROMON,DRONED,DRONES,DRONET,DRONEY,DROOPY,DROPSY,DROSER,DROSTE,DROTAR,DROUIN,DROVER,DROVES,DROWNS,DROWSY,DROZDA,DRUCIE,DRUDGE,DRUGAN,DRUIDS,DRUNKS,DRUPES,DRUSIE,DRYDEN,DRYERS,DRYING,DRYSER,DSOUZA,DUARTE,DUBACH,DUBBED,DUBCEK,DUBEAU,DUBIEL,DUBLIN,DUBOFF,DUBOIS,DUBORD,DUBOSE,DUBRAY,DUBREE,DUBROC,DUBROW,DUCHIN,DUCHON,DUCHOW,DUCKED,DUCKER,DUCLOS,DUCOTE,DUDACK,DUDASH,DUDECK,DUDLEY,DUDMAN,DUDNEY,DUDZIK,DUEITT,DUEKER,DUELED,DUENAS,DUENEZ,DUENOW,DUERST,DUFFEE,DUFFEK,DUFFEL,DUFFER,DUFFEY,DUFFIE,DUFFIN,DUFFUS,DUFNER,DUFORD,DUFORT,DUFOUR,DUGALD,DUGGAN,DUGGAR,DUGGER,DUGGIN,DUGOUT,DUGUAY,DUGUID,DUHART,DUKART,DUKING,DULANY,DULCEA,DULCET,DULCIE,DULING,DULLEA,DULLED,DULLER,DULLES,DULONG,DULSKI,DULUDE,DULUTH,DUMAIS,DUMBER,DUMIRE,DUMLAO,DUMLER,DUMMER,DUMOND,DUMONT,DUMPED,DUMPER,DUMPTY,DUNBAR,DUNCAN,DUNDAS,DUNDEE,DUNDON,DUNFEE,DUNGAN,DUNGEY,DUNHAM,DUNITE,DUNKED,DUNKEL,DUNKER,DUNKIN,DUNKLE,DUNLAP,DUNLAY,DUNLEY,DUNLOP,DUNMAN,DUNNAM,DUNNED,DUNPHY,DUNSON,DUNTON,DUPLER,DUPLEX,DUPONT,DUPRAS,DUPREE,DUPREY,DUPUIS,DURALL,DURAND,DURANG,DURANT,DURAZO,DURBAN,DURBEN,DURBIN,DURDEN,DURDIN,DURELL,DURENE,DURESS,DURFEE,DURFEY,DURGAN,DURGIN,DURHAM,DURICK,DURING,DURKEE,DURKIN,DURLEY,DURNEY,DURNIL,DURNIN,DUROSS,DURRAH,DURWIN,DURYEA,DURYEE,DUSETT,DUSING,DUSKIN,DUSTED,DUSTER,DUSTIN,DUSTON,DUTHIE,DUTIES,DUTOIT,DUTROW,DUTSON,DUTTER,DUTTON,DUVALL,DVORAK,DWARFS,DWAYNE,DWELLE,DWELLS,DWIGHT,DWORAK,DWORIN,DYCHES,DYEING,DYGERT,DYKMAN,DYLANS,DYMENT,DYMOND,DYNAMO,DYNEER,DYSART,DYSERT,DZIALO,DZIUBA,EACHAN,EACHUS,EAGLES,EAGLIN,EAKINS,EALING,EAPPEN,EARFUL,EARGLE,EARLES,EARLEY,EARLIE,EARNED,EARNER,EARNEY,EARTHA,EARTHS,EARTHY,EARVIN,EARWAX,EASIER,EASILY,EASING,EASLER,EASLEY,EASTEP,EASTER,EASTES,EASTIN,EASTON,EATERS,EATERY,EATING,EATMAN,EATMON,EBANKS,EBASCO,EBAUGH,EBBERS,EBBERT,EBBING,EBERLE,EBERLY,EBERTS,EBLING,EBONIC,ECCLES,ECEVIT,ECHARD,ECHLIN,ECHOED,ECHOES,ECHOLS,ECKARD,ECKART,ECKELS,ECKERD,ECKERT,ECKLER,ECKLES,ECKLEY,ECKMAN,ECOGEN,ECOLAB,ECZEMA,EDBERG,EDBERT,EDDIES,EDDINS,EDELEN,EDERER,EDGELL,EDGETT,EDGING,EDGLEY,EDGMON,EDGREN,EDIBLE,EDICTS,EDIGER,EDISON,EDISTO,EDITED,EDITHA,EDITHE,EDITOR,EDIVAL,EDLING,EDLUND,EDMARK,EDMOND,EDMUND,EDSALL,EDUARD,EDWALD,EDWARD,EDWINA,EDYTHE,EDZARD,EERILY,EFECTO,EFFACE,EFFECT,EFFETE,EFFIGY,EFFLER,EFFLUX,EFFORT,EFFRON,EGBERT,EGELER,EGERER,EGGCUP,EGGERS,EGGERT,EGGING,EGGNOG,EGLAND,EGLISE,EGLOFF,EGOISM,EGRESS,EHLERS,EHLERT,EHMANN,EHRICH,EHRLER,EHRMAN,EHRSAM,EICHEL,EICHEN,EICHER,EIDSON,EIFERT,EIFFEL,EIFLER,EIGHMY,EIGHTH,EIGHTS,EIGHTY,EIGNER,EIICHI,EILAND,EILEEN,EILERS,EILERT,EIMERS,EIRENA,EIRICH,EISELE,EISERT,EISLER,EISMAN,EISNER,EITHER,EITZEN,EJECTS,EKBERG,EKBLAD,EKDAHL,EKHOLM,EKLUND,ELAINA,ELAINE,ELAIRE,ELAMIN,ELAPSE,ELARDO,ELATED,ELATER,ELATES,ELAYNE,ELBAUM,ELBERT,ELBOWS,ELBRUS,ELCOCK,ELDERS,ELDEST,ELDORA,ELDRED,ELDRIC,ELDWIN,ELECTS,ELEDGE,ELEVEN,ELEXIS,ELFERS,ELFISH,ELFMAN,ELFORD,ELGART,ELICIT,ELIJAH,ELINOR,ELIOTT,ELISHA,ELISON,ELISSA,ELITES,ELIXIR,ELKIND,ELKINS,ELKTON,ELLARD,ELLENA,ELLENE,ELLERS,ELLERT,ELLERY,ELLETT,ELLICE,ELLIFF,ELLING,ELLIOS,ELLIOT,ELLMAN,ELLNER,ELLROY,ELLZEY,ELMIRA,ELMORE,ELNORA,ELNORE,ELOISA,ELOISE,ELOPES,ELPERS,ELRICA,ELRICH,ELRICK,ELSDON,ELSNER,ELSTAD,ELSTER,ELSTON,ELTING,ELUDED,ELUDES,ELVERA,ELVERS,ELVINA,ELVING,ELVIRA,ELVIRE,ELWELL,ELWOOD,ELYRIA,ELYSEE,ELYSIA,EMAILS,EMBALM,EMBARK,EMBERS,EMBLEM,EMBLER,EMBODY,EMBOSS,EMBREE,EMBREY,EMBRYO,EMBURY,EMELDA,EMELIE,EMERGE,EMERSE,EMETIC,EMHART,EMIGRE,EMILIA,EMILIE,EMILIO,EMISON,EMLING,EMMAUS,EMMERT,EMMERY,EMMETT,EMMICK,EMMITT,EMMONS,EMMOTT,EMPATH,EMPIRE,EMPLOY,EMPSON,EMPTED,EMPTOR,EMRICH,EMRICK,EMSLIE,EMULEX,ENABLE,ENACTS,ENAMEL,ENAMOR,ENBERG,ENCAMP,ENCASE,ENCATA,ENCINO,ENCISO,ENCODE,ENCORE,ENDAKA,ENDARA,ENDEAR,ENDERS,ENDING,ENDIVE,ENDLER,ENDOWS,ENDRES,ENDUED,ENDURE,ENEMAS,ENERGY,ENFANT,ENFOLD,ENGAGE,ENGELS,ENGERT,ENGINE,ENGLER,ENGLES,ENGMAN,ENGRAM,ENGULF,ENHOLM,ENIGMA,ENJOIN,ENJOYS,ENLIST,ENMESH,ENMITY,ENOCHS,ENOUGH,ENRAGE,ENRICA,ENRICH,ENRICO,ENRILE,ENROLL,ENSECO,ENSIGN,ENSING,ENSLEN,ENSLEY,ENSLIN,ENSLOW,ENSRUD,ENSUED,ENSUES,ENSURE,ENTAIL,ENTERS,ENTICE,ENTIRE,ENTITY,ENTLER,ENTOMB,ENTRAP,ENTREE,ENVIED,ENVIRO,ENVOYS,ENYART,ENZYME,EOCENE,EPHLIN,EPHRON,EPLING,EPOCHS,EPOGEN,EPPARD,EPPERS,EPPICH,EPPING,EPPLER,EPPLEY,EPPNER,EPROMS,EPTING,EQUALS,EQUATE,EQUINE,EQUION,EQUIPS,EQUITY,ERAKAT,ERASED,ERASER,ERASES,ERAWAN,ERBURU,ERCOLE,ERCROS,ERDAHL,ERDMAN,ERECTS,ERGOTS,ERHARD,ERHART,ERICKA,ERLACH,ERLAND,ERLENE,ERLICH,ERLICK,ERLINE,ERLING,ERMINA,ERMINE,ERNEST,ERODED,ERODES,EROICA,EROTIC,ERRAND,ERRANT,ERRETT,ERRICO,ERRING,ERRORS,ERSATZ,ERSHAD,ERSKIN,ERTMAN,ERUPTS,ERVING,ERWINA,ERYKAH,ESAREY,ESCADA,ESCAPE,ESCHEN,ESCHER,ESCHEW,ESCORA,ESCORT,ESCOTO,ESCOTT,ESCROW,ESCUDO,ESKIMO,ESLICK,ESMARK,ESMINE,ESMOND,ESPADA,ESPANA,ESPEJO,ESPINO,ESPLIN,ESPRIT,ESQUER,ESSARY,ESSAYS,ESSICK,ESSMAN,ESSNER,ESTATE,ESTEEM,ESTELL,ESTEPP,ESTERS,ESTEVE,ESTHER,ESTILL,ESTOCK,ESTRIN,ESTRUS,ETCHED,ETCHES,ETHANE,ETHENE,ETHERS,ETHICS,ETHIER,ETHNIC,ETHNOS,ETHYOL,ETLING,ETTERS,ETUDES,ETZLER,EUBANK,EUCHRE,EUCLEA,EUCLID,EUDORA,EUGENE,EULICH,EULOGY,EUNICE,EUNUCH,EURECA,EUREKA,EUREST,EURICH,EUROPA,EUROPE,EUSTIS,EUTSEY,EVADED,EVADER,EVADES,EVADNE,EVANGI,EVANKO,EVANOV,EVARTS,EVELYN,EVENED,EVENLY,EVENTS,EVERED,EVEREX,EVERLY,EVERTS,EVETTS,EVINCE,EVITTS,EVOKED,EVOKES,EVOLVE,EVONNE,EVRARD,EWBANK,EWINGS,EWOLDT,EWORLD,EXACTS,EXALTS,EXCEED,EXCELS,EXCEPT,EXCESS,EXCISE,EXCITE,EXCUSE,EXEMPT,EXERTS,EXETER,EXHALE,EXHORT,EXHUME,EXILED,EXILES,EXISTS,EXITED,EXLINE,EXOCET,EXODUS,EXOTIC,EXOVIR,EXPAND,EXPECT,EXPEND,EXPERT,EXPIRE,EXPIRY,EXPORT,EXPOSE,EXTANT,EXTEND,EXTENT,EXTOLS,EXTORT,EXTRAS,EXUDED,EXUDES,EXULTS,EYEING,EYELAB,EYELET,EYELID,EYERLY,EYRICH,EYRING,EYSTER,EZELLE,EZZELL,FABBRI,FABELA,FABIAN,FABIEN,FABLED,FABLES,FABRIC,FABRIS,FABRON,FACADE,FACETS,FACHET,FACIAL,FACILE,FACING,FACTLY,FACTOR,FADDEN,FADDIS,FADELY,FADING,FAGGOT,FAGLEY,FAGOTH,FAHRER,FAILED,FAILLA,FAILOR,FAIOLA,FAIRER,FAIRES,FAIREY,FAIRLY,FAISAL,FAISON,FAITHS,FAIVRE,FAJITA,FAKERS,FAKING,FALANI,FALCON,FALISE,FALLAW,FALLEN,FALLER,FALLIN,FALLIS,FALLON,FALLOW,FALTER,FALVEY,FALYNN,FALZON,FAMBRO,FAMERS,FAMILY,FAMINE,FAMOUS,FANARA,FANDEL,FANECH,FANGER,FANGLE,FANGUY,FANNED,FANNIE,FANNIN,FANNON,FANTLE,FANTON,FARACE,FARACI,FARAGO,FARAHA,FARBEN,FARBER,FARESE,FARFEN,FARHAT,FARIAS,FARICA,FARIES,FARINA,FARING,FARINO,FARISH,FARISS,FARKAS,FARLEE,FARLER,FARLEY,FARLOW,FARMAN,FARMED,FARMER,FARNAM,FARNAN,FARNER,FARNES,FARNEY,FARNUM,FAROLD,FARONE,FAROUK,FARRAH,FARRAN,FARRAR,FARREL,FARREN,FARRER,FARREY,FARRIS,FARRON,FARROW,FARSON,FARVER,FASANO,FASICK,FASONE,FASTED,FASTEN,FASTER,FASULO,FATHER,FATHOM,FATIMA,FATTEN,FATTER,FATULA,FAUBEL,FAUBER,FAUBLE,FAUBUS,FAUCET,FAUGHN,FAUGHT,FAULDS,FAULKS,FAULTS,FAULTY,FAUNAL,FAUNCE,FAUPEL,FAUROT,FAUSER,FAUSEY,FAUSTA,FAUSTO,FAUVER,FAVALE,FAVARO,FAVATA,FAVELA,FAVERO,FAVORS,FAVOUR,FAWKES,FAWLEY,FAWVER,FAXING,FAYARD,FAZZIO,FEAGAN,FEAGIN,FEAGLE,FEALTY,FEARED,FEARON,FEASEL,FEASTS,FEAZEL,FEBLES,FEBRES,FECHER,FEDDER,FEDELE,FEDELI,FEDEWA,FEDIAY,FEDLER,FEDORA,FEEBIS,FEEBLE,FEEBLY,FEEDER,FEEHAN,FEELER,FEELEY,FEENEY,FEESER,FEEZOR,FEFFER,FEGLEY,FEHNEL,FEIGEL,FEIGEN,FEIGER,FEIGHT,FEIGIN,FEILER,FEINER,FEISTY,FEKETE,FELBER,FELDER,FELGER,FELICE,FELINE,FELIPE,FELKEL,FELKER,FELLAS,FELLED,FELLER,FELLIN,FELLOW,FELMAN,FELONS,FELONY,FELSKE,FELTEN,FELTER,FELTES,FELTON,FELTUS,FELVER,FEMALE,FEMINA,FENCED,FENCES,FENDED,FENDER,FENECH,FENGER,FENIAN,FENLEY,FENLON,FENNEL,FENNER,FENNEY,FENSKE,FENTER,FENTON,FENWAY,FENZEL,FEODOR,FERBER,FERDIE,FERDIG,FERDON,FERENC,FERGER,FERGIE,FERGUS,FERMAN,FERMIN,FERNAO,FERNAU,FERNER,FERRAN,FERRAR,FERREE,FERREL,FERREN,FERRER,FERRET,FERRIE,FERRIN,FERRIS,FERRIZ,FERRON,FERTIG,FERVID,FERVOR,FESCUE,FESLER,FESSED,FESSEL,FESTER,FESTUS,FETISH,FETNER,FETROW,FETSCH,FETSKO,FETTER,FETTES,FETTIG,FETZER,FEUCHT,FEUDAL,FEUDED,FEVERS,FEWELL,FEWEST,FIACCO,FIANCE,FIANNA,FIASCO,FIBERS,FIBRIN,FIBULA,FICHUS,FICKEL,FICKEN,FICKER,FICKES,FICKLE,FIDATA,FIDDER,FIDDLE,FIDGET,FIDLER,FIDORA,FIEBER,FIEBIG,FIEGEL,FIEGER,FIELDS,FIENDS,FIERCE,FIEROS,FIERRO,FIERST,FIESER,FIESTA,FIFTEE,FIFTHS,FIGARO,FIGGIE,FIGHTS,FIGLER,FIGLEY,FIGONE,FIGURA,FIGURE,FIJIAN,FILDES,FILENE,FILERS,FILETS,FILIAL,FILICE,FILING,FILION,FILIPA,FILLED,FILLER,FILLET,FILLEY,FILLIP,FILMED,FILMER,FILOSA,FILSON,FILTER,FILTHY,FILYAW,FINALE,FINALS,FINANZ,FINBAR,FINCKE,FINDER,FINELY,FINERY,FINEST,FINGER,FINIAN,FINING,FINISH,FINITE,FINKEL,FINKEN,FINKLE,FINLAY,FINLEY,FINNAN,FINNEY,FINNIE,FINTON,FINUNC,FINZEL,FIPPLE,FIRFER,FIRING,FIRINO,FIRKUS,FIRMAN,FIRMED,FIRMER,FIRMIN,FIRMLY,FIRSTS,FISCAL,FISCHL,FISCUS,FISERV,FISHED,FISHEL,FISHER,FISHES,FISLER,FISONS,FISSEL,FISTED,FISTER,FITFUL,FITTED,FITTER,FITTON,FITTRO,FITZCO,FITZER,FIXATE,FIXING,FIXLER,FIXMER,FIZZLE,FJORDS,FLABBY,FLAKES,FLAMED,FLAMER,FLAMES,FLANGE,FLANKS,FLANNA,FLARED,FLARES,FLASCH,FLASHY,FLASKS,FLATAU,FLATEN,FLATER,FLATLY,FLAUGH,FLAUNT,FLAVIA,FLAVIN,FLAVIO,FLAVOR,FLAWED,FLAYED,FLECKS,FLEDGE,FLEECE,FLEECY,FLEETS,FLEGAL,FLEGEL,FLEISS,FLENER,FLERFU,FLESCH,FLESHY,FLEURI,FLEURY,FLEXED,FLEXER,FLEXES,FLICEK,FLICKR,FLICKS,FLIERS,FLIGHT,FLIMSY,FLINCH,FLINGS,FLINTS,FLINTY,FLIPPO,FLIRTS,FLOATS,FLOCKS,FLODIN,FLOODS,FLOORS,FLOPPY,FLORAL,FLOREA,FLOREK,FLOREN,FLORER,FLORES,FLOREY,FLOREZ,FLORIA,FLORID,FLORIN,FLORIO,FLORIS,FLORRY,FLOTOW,FLOTTA,FLOURS,FLOUTS,FLOWED,FLOWER,FLUENT,FLUFFS,FLUFFY,FLUIDS,FLUITT,FLUKER,FLUKES,FLUMES,FLUNKS,FLURRY,FLUTES,FLYERS,FLYING,FLYTHE,FLYWAY,FODDER,FODERA,FOGLER,FOGLIA,FOGLIO,FOIBLE,FOILED,FOILES,FOJTIK,FOKKER,FOLAND,FOLDED,FOLDEN,FOLDER,FOLGER,FOLINO,FOLKER,FOLKES,FOLKSY,FOLLEY,FOLLIN,FOLLIS,FOLLOW,FOLMAR,FOLMER,FOLSOM,FOLSON,FOMENT,FONDER,FONDLE,FONDLY,FONDUE,FONGER,FONNER,FONTES,FONZIE,FOOBAR,FOODIE,FOOLED,FOOTED,FOOTER,FORAGE,FORAND,FORAYS,FORBAD,FORBES,FORBID,FORBIS,FORBUS,FORCED,FORCES,FORCUM,FOREGO,FORERO,FOREST,FORGED,FORGER,FORGES,FORGET,FORGEY,FORGIE,FORGOT,FORGUE,FORHAN,FORINT,FORKED,FORKER,FORKEY,FORMAL,FORMAN,FORMAT,FORMBY,FORMED,FORMER,FORMIC,FORNAL,FORNER,FORNES,FORNEY,FORRER,FORREY,FORSEE,FORSON,FORTAS,FORTES,FORTIN,FORTIS,FORTNA,FORTON,FORUMS,FOSHEE,FOSKEY,FOSLER,FOSSEL,FOSSEN,FOSSEY,FOSSIL,FOSSUM,FOSTER,FOUCHE,FOUGHT,FOULDS,FOULED,FOULKE,FOULKS,FOURTH,FOUSEK,FOUTCH,FOWBLE,FOWERS,FOWKES,FOWLER,FOWLES,FOXMAN,BALASH,BALATA,FRABLE,FRACAS,FRAGER,FRAHER,FRAINE,FRAIRE,FRAKER,FRAKES,FRALEY,FRALIN,FRALIX,FRAMED,FRAMER,FRAMES,FRANCA,FRANCE,FRANCK,FRANCO,FRANCS,FRANCY,FRANEK,FRANEY,FRANJO,FRANKE,FRANKL,FRANKO,FRANKS,FRANNY,FRANTA,FRANTZ,FRANYO,FRANZE,FRASCA,FRASCH,FRASCO,FRASER,FRATER,FRATES,FRATUS,FRAUDS,FRAVEL,FRAYED,FRAYER,FRAYNE,FRAZEE,FRAZER,FREAKS,FREAKY,FREARS,FREASE,FREDDY,FREDIN,FREELS,FREELY,FREENY,FREESE,FREEST,FREEZE,FREGIA,FREIDY,FREIER,FREIJE,FREIND,FREIRE,FREISE,FREMIN,FRENCH,FRENTZ,FRENZY,FREONS,FRERES,FRESCO,FRESNO,FREUND,FREWEN,FREWIN,FREYER,FREYNE,FREYRE,FREZZA,FRIARS,FRIARY,FRICKE,FRICKS,FRIDAY,FRIDGE,FRIEDA,FRIEDE,FRIEDL,FRIEDT,FRIEND,FRIESE,FRIESS,FRIESZ,FRIEZE,FRIGHT,FRIGID,FRIGON,FRILEY,FRILLS,FRILLY,FRINGE,FRIONA,FRISBY,FRISCH,FRISCO,FRISKE,FRISKY,FRISON,FRITCH,FRITES,FRITOS,FRITTS,FRITZE,FRITZI,FROCKS,FRODER,FROESE,FROGGE,FROLIC,FROMAN,FROMER,FROMME,FRONDE,FRONDS,FRONEK,FRONTS,FRONTZ,FROSCH,FROSTS,FROSTY,FROTHS,FROTHY,FROWNS,FROZEN,FRUGAL,FRUITS,FRUITY,FRUMPY,FRUNZE,FRUSEN,FRYERS,FRYING,FRYMAN,FUCKED,FUCKER,FUDALA,FUDGED,FUELED,FUENTE,FUERST,FUERTH,FUGARD,FUGATE,FUGAZY,FUGERE,FUGETT,FUGITT,FUGUES,FUHRER,FUJIAN,FUJITA,FUJIYA,FUKLAH,FUKUDA,FULANI,FULFER,FULLAM,FULLEN,FULLER,FULMER,FULTON,FULVIA,FUMBLE,FUMING,FUNARI,FUNARO,FUNDED,FUNDER,FUNGAL,FUNGUS,FUNNEL,FUQUAY,FURASH,FURBEE,FURBER,FURINI,FURINO,FURLAN,FURLOW,FURMAN,FURNAS,FURNER,FURNEY,FURRER,FURROW,FURTAK,FURTAW,FURUTA,FURUYA,FUSARO,FUSING,FUSION,FUSNER,FUSSED,FUSSES,FUSTAT,FUSTOK,FUSTON,FUTHER,FUTILE,FUTONS,FUTRAL,FUTURE,FYFFES,FYODOR,GABBRO,GABELE,GABERT,GABLED,GABLER,GABLES,GABRYS,GADDIE,GADDIS,GADDUM,GADFLY,GADGET,GADSBY,GADSON,GADWAY,GAEBEL,GAELIC,GAFFES,GAFFEY,GAFFIN,GAGGED,GAGGLE,GAGLIO,GAGNER,GAGNON,GAIDAR,GAILEY,GAINED,GAINER,GAINES,GAINEY,GAINOR,GAISER,GAITAN,GAITER,GALANE,GALANG,GALANT,GALATI,GALAXY,GALBAN,GALEBS,GALENA,GALESI,GALINA,GALLAS,GALLEN,GALLER,GALLES,GALLET,GALLEY,GALLIA,GALLIC,GALLIK,GALLON,GALLOP,GALLOS,GALLOW,GALLUP,GALLUS,GALOOB,GALORE,GALOSH,GALPIN,GALTON,GALVAN,GALVEN,GALVEZ,GALVIN,GALWAY,GALYEN,GALYON,GAMAGE,GAMBER,GAMBIA,GAMBIT,GAMBLE,GAMBOA,GAMBRO,GAMELY,GAMERS,GAMEST,GAMETE,GAMING,GAMINO,GAMMAL,GAMMEL,GAMMON,GAMONS,GAMPER,GANDEE,GANDER,GANDHI,GANGER,GANGES,GANGLY,GANLEY,GANNON,GANONG,GANSEN,GANSER,GANSKE,GANSON,GANTER,GANTOS,GANTRY,GANZEL,GANZER,GAPING,GARAGE,GARAND,GARANT,GARARD,GARBED,GARBER,GARBLE,GARCES,GARCIA,GARDEA,GARDEN,GARDIN,GAREAU,GARETH,GARETT,GARGAN,GARGER,GARGES,GARGIS,GARGUS,GARING,GARISH,GARITY,GARLAN,GARLIC,GARLOW,GARMAN,GARMON,GARNER,GARNES,GARNET,GARNEY,GAROLS,GARONE,GARREN,GARRET,GARREY,GARRIS,GARROD,GARROL,GARRON,GARROS,GARROW,GARROZ,GARSKE,GARSON,GARTEN,GARTER,GARTIN,GARTON,GARUDA,GARVER,GARVEY,GARVIE,GARVIN,GARWIN,GARZON,GASCON,GASHED,GASHES,GASICH,GASIFY,GASIOR,GASKET,GASKEY,GASKIN,GASNER,GASPAR,GASPED,GASPER,GASQUE,GASSED,GASSEE,GASSEN,GASSER,GASSES,GASTER,GASTON,GASTRO,GATEAU,GATELY,GATHER,GATIEN,GATING,GATLEY,GATLIN,GATOIL,GATORS,GATSBY,GATSON,GATTEN,GATTIS,GATTON,GATZKE,GAUCHE,GAUCHO,GAUDET,GAUDIN,GAUDIO,GAUGED,GAUGER,GAUGES,GAULAN,GAULIN,GAULKE,GAULLE,GAUMER,GAUNCE,GAUNTT,GAUVIN,GAVITT,GAVLAK,GAVRAS,GAWAIN,GAWKER,GAWLIK,GAWRON,GAYDAR,GAYDEN,GAYDOS,GAYLER,GAYLES,GAYLOR,GAYMAN,GAYMON,GAYNER,GAYNOR,GAYTAN,GAYTON,GAZANS,GAZDIK,GAZETA,GAZING,GDANSK,GEAGEA,GEARAN,GEARED,GEAREY,GEARIN,GEBBIA,GEBBIE,GEBERT,GEBLER,GECHEM,GECKOS,GEDDES,GEDDIE,GEDDIS,GEDEON,GEDNEY,GEDULD,GEEING,GEENEN,GEERTS,GEESEY,GEFFEN,GEFFRE,GEHMAN,GEHRES,GEHRET,GEHRIG,GEHRIS,GEHRKE,GEIBEL,GEIDAR,GEIDEL,GEIGER,GEIGLE,GEIKEN,GEILER,GEIMAN,GEIMER,GEISEL,GEISEN,GEISER,GEISHA,GELBER,GELDER,GELETT,GELLER,GELLES,GELLIS,GELMAN,GELVIN,GEMINA,GEMINI,GEMMER,GENADY,GENCOR,GENDER,GENEEN,GENEGO,GENERA,GENERO,GENEVA,GENEVE,GENGER,GENIAL,GENIUS,GENMAR,GENOME,GENOVA,GENRAD,GENRES,GENSEL,GENSIA,GENSKE,GENSON,GENTER,GENTLE,GENTLY,GENTRY,GENUNG,GEORGE,GEORGI,GEORGY,GEOTEK,GERACE,GERACI,GERAIS,GERALD,GERARD,GERBER,GERBIG,GERDES,GERDTS,GERENA,GERETY,GERGEL,GERGEN,GERGER,GERICH,GERING,GERKEN,GERKIN,GERMAN,GERMER,GERNER,GEROLD,GEROME,GEROUX,GERRIE,GERRIT,GERSCH,GERSKI,GERSON,GERTIE,GERWIG,GERWIN,GESELL,GESNER,GESSEL,GESTAL,GETMAN,GETTEL,GETTER,GETTIS,GETTLE,GETTYS,GEURIN,GEURTS,GEVING,GEWGAW,GEYSER,GHAFAR,GHANDI,GHERIG,GHETTO,GHEZZI,GHITIS,GHOSTS,GHOULS,GHRIST,GHULAM,GIACCO,GIAIMO,GIAMPA,GIANNI,GIANTS,GIARDI,GIBBLE,GIBBON,GIBEAU,GIBERT,GIBIAN,GIBLEN,GIBLER,GIBLET,GIBLIN,GIBNEY,GIBRAN,GIBSON,GIDEON,GIDGET,GIDLEY,GIDNEY,GIEBEL,GIEFER,GIEGER,GIELOW,GIENOW,GIERKE,GIESEN,GIESER,GIESEY,GIESKE,GIFFEN,GIFFIN,GIFTED,GIGGLE,GIGGLY,GIGLIA,GIGLIO,GIGNAC,GIGOLO,GILBEY,GILBOY,GILDAY,GILDEA,GILDED,GILDEN,GILDER,GILDON,GILEAD,GILGER,GILGIT,GILHAM,GILKES,GILKEY,GILLAM,GILLAN,GILLEM,GILLEN,GILLER,GILLES,GILLET,GILLEY,GILLIE,GILLIG,GILLIN,GILLIS,GILLON,GILLUM,GILMAN,GILMER,GILPIN,GILROY,GILSON,GILVIN,GIMBEL,GIMLET,GIMLIN,GIMPEL,GINDER,GINDIN,GINGER,GINGKO,GINLEY,GINNED,GINNIE,GINTEL,GINTER,GIONET,GIORGI,GIPPER,GIPPLE,GIPSON,GIRARD,GIRAUD,GIRDER,GIRDLE,GIRGIS,GIRIJA,GIRLIE,GIROIR,GIROUX,GIRSKY,GIRTEN,GIRTON,GIRVAN,GIRVEN,GIRVIN,GISELA,GISLER,GITANA,GITANO,GITLIN,GITTER,GITTIS,GIULIO,GIUNTA,GIUSTI,GIUSTO,GIVENS,GIVERS,GIVETH,GIVHAN,GIVING,GIVINS,GIVLER,GIZMOS,GJERDE,GLACIS,GLADES,GLADIS,GLADJE,GLADLY,GLADYS,GLAMOR,GLANCE,GLANCY,GLANDS,GLANTZ,GLARED,GLARES,GLARIS,GLASBY,GLASCO,GLASER,GLASOW,GLASPY,GLASSY,GLAUDE,GLAVAN,GLAVIN,GLAZED,GLAZER,GLAZES,GLEAMS,GLEAVE,GLEICH,GLENDA,GLENNA,GLENNY,GLIBLY,GLIDED,GLIDER,GLIDES,GLINES,GLINKA,GLITCH,GLITZY,GLOATS,GLOBAL,GLOBES,GLOBEX,GLOBUS,GLOEDE,GLOMAR,GLOOMY,GLOPPY,GLORIA,GLOSSY,GLOVED,GLOVER,GLOVES,GLOWED,GLOWER,GLUECK,GLUMLY,GLUNTZ,GLUTEN,GLYCEL,GLYCOL,GLYMPH,GLYNIS,GNAGEY,GNARLE,GNARLS,GNARLY,GNAWED,GNEISS,GNOMES,GNOMIC,GOADED,GOALIE,GOATEE,GOATES,GOBAIN,GOBBLE,GOBERT,GOBLET,GOBLIN,GOCKEL,GODARD,GODART,GODBEE,GODBEY,GODDAM,GODDEN,GODINA,GODINE,GODING,GODINO,GODIVA,GODKIN,GODLEY,GODMAN,GODOWN,GODREJ,GODSEY,GODWIN,GOEBEL,GOECKE,GOEDDE,GOEDEN,GOEKEN,GOEMAN,GOEMON,GOERKE,GOERTZ,GOESER,GOETHE,GOETTE,GOETTL,GOETZE,GOEWEY,GOFFIN,GOGGIN,GOGGLE,GOGLIA,GOGUEN,GOHEEN,GOHLKE,GOHMAN,GOINES,GOINGS,GOITER,GOKSEL,GOLAND,GOLDEN,GOLDER,GOLDEY,GOLDIE,GOLDIN,GOLFED,GOLFER,GOLFIE,GOLKAR,GOLLER,GOLLUM,GOLOMB,GOLSON,GOMBAR,GOMBOS,GOMERY,GOMOLL,GOMORY,GONADS,GONDEK,GONDER,GONIUM,GONSER,GONYEA,GONYER,GOODBY,GOODEN,GOODER,GOODIE,GOODIN,GOODLY,GOOFED,GOOGIN,GOOGLE,GOOKIN,GOOLEY,GOONAN,GOOSBY,GOOSEN,GOOSEY,GOOTEE,GOPHER,GORDAN,GORDEN,GORDER,GORDIE,GORDIN,GORDJI,GORDON,GORGAS,GORGES,GORGON,GORHAM,GORING,GORLEY,GORMAN,GORMLY,GORNEY,GORNIK,GORNTO,GORRID,GORSKI,GORSKY,GORTER,GORTON,GOSDIN,GOSHEN,GOSLEE,GOSLIN,GOSMAN,GOSNEY,GOSPEL,GOSSEN,GOSSER,GOSSIP,GOSTEV,GOTAAS,GOTCHA,GOTHAM,GOTHIC,GOTSCH,GOTTEN,GOTTIS,GOUDIE,GOUGED,GOUGER,GOUKER,GOULET,GOUNOD,GOUPIL,GOURDS,GOUSHA,GOUTAL,GOUVEA,GOVERN,GOVETT,GOVIER,GOVONI,GOWANS,GOWARD,GOWELL,GOWENS,GOWING,GOWINS,GOYNES,GRABAU,GRABBE,GRABEL,GRABEN,GRABER,GRABLE,GRABOW,GRABOY,GRACED,GRACES,GRACEY,GRACIA,GRACIE,GRADCO,GRADDY,GRADED,GRADEL,GRADEN,GRADER,GRADES,GRADOV,GRADUS,GRAEFE,GRAEFF,GRAEME,GRAETZ,GRAFTS,GRAHAM,GRAHEK,GRAINS,GRAINY,GRALEY,GRAMER,GRAMES,GRAMMS,GRAMMY,GRAMZA,GRANAT,GRANDA,GRANDE,GRANDI,GRANDS,GRANDT,GRANDY,GRANER,GRANEY,GRANGE,GRANNY,GRANTS,GRANTZ,GRANUM,GRAPER,GRAPES,GRAPHS,GRASER,GRASPS,GRASSE,GRASSI,GRASSL,GRASSO,GRASSY,GRASTY,GRATED,GRATER,GRATES,GRATIS,GRAUEL,GRAUER,GRAVEL,GRAVEN,GRAVER,GRAVES,GRAYER,GRAZED,GRAZER,GREASE,GREASY,GREATS,GREAVE,GREBER,GRECCO,GRECKO,GREDEL,GREEAR,GREECE,GREEDY,GREEKS,GREELY,GREENE,GREENO,GREENS,GREETS,GREGER,GREGGS,GREGOR,GREGUS,GREIFF,GREITZ,GREIWE,GRELLA,GRELLE,GRENDA,GRENON,GRESKO,GRETAL,GRETEL,GRETNA,GREUEL,GREVER,GREWAL,GRIDER,GRIECO,GRIEGO,GRIEME,GRIESA,GRIESE,GRIESS,GRIEST,GRIEVE,GRIFFO,GRIFFY,GRIGAS,GRIGGS,GRIGGY,GRILLE,GRILLI,GRILLO,GRILLS,GRIMES,GRIMLY,GRIMME,GRINCH,GRINDE,GRINDS,GRINER,GRINGO,GRIPED,GRIPES,GRIPPI,GRIPPO,GRISBY,GRISLY,GRISSO,GRITES,GRITTY,GRIVAS,GROANS,GROBEN,GROBER,GROCER,GRODEN,GRODIN,GROENE,GROGAN,GROGGY,GROINS,GROMAN,GROMEK,GROMER,GROMES,GRONAU,GRONER,GROOME,GROOMS,GROOVE,GROOVY,GROPED,GROPPY,GROSCH,GROSSE,GROSSI,GROSSO,GROTHE,GROTON,GROTTO,GROUCH,GROULX,GROUND,GROUPE,GROUPS,GROUSE,GROVEL,GROVER,GROVES,GROWER,GROWLS,GROWTH,GROZNY,GRUBBS,GRUBBY,GRUBEN,GRUBER,GRUCCI,GRUDGE,GRULKE,GRUMPY,GRUNDY,GRUNER,GRUNGE,GRUNGY,GRUNOW,GRUNTS,GRUPPO,GRUVER,GRYDER,GUARDS,GUARIN,GUASCH,GUAVAS,GUBLER,GUBSER,GUCCIO,GUDGEL,GUDGER,GUDINO,GUEDRY,GUENNA,GUERIN,GUERRA,GUERRE,GUERRY,GUESTS,GUFFAW,GUFFEY,GUFFIN,GUGINO,GUIANA,GUIDED,GUIDER,GUIDES,GUIDRY,GUILDS,GUILES,GUILIN,GUILLA,GUILTY,GUINAN,GUINEA,GUINEY,GUINTA,GUINTO,GUISES,GUITAR,GUIZAR,GULDIN,GULICK,GULINO,GULLAH,GULLET,GULLEY,GULPED,GULYAS,GUMAER,GUMBEL,GUMINA,GUMMED,GUNADI,GUNDEL,GUNDER,GUNDLE,GUNDOG,GUNDRY,GUNKEL,GUNMAN,GUNMEN,GUNNAR,GUNNED,GUNNER,GUNNOE,GUNTER,GUNTUR,GUPTON,GURGLE,GURIAN,GURION,GURKIN,GURLEY,GURNEE,GURNEY,GURRIA,GURSKI,GURSKY,GURULE,GUSHED,GUSHER,GUSHES,GUSLAN,GUSLER,GUSMAN,GUSSIE,GUSTAF,GUSTAV,GUSTED,GUSTER,GUSTIN,GUSTON,GUSTUS,GUTMAN,GUTTED,GUTTER,GUYANA,GUYETT,GUYMON,GUYNES,GUYTON,GUZMAN,GUZZLE,GWENDA,GWOZDZ,GWYNNE,GYOSAI,GYPPED,GYPSUM,GYRATE,HAACKE,HAAGEN,HABBEN,HABEAS,HABECK,HABEEB,HABERL,HABIBI,HABICH,HABITS,HACHEY,HACKED,HACKEL,HACKER,HACKLE,HADDAD,HADDAN,HADDEN,HADDON,HADDOW,HADLER,HADLEY,HADNOT,HADOYA,HADRIA,HADRON,HADSON,HADWIN,HAEGER,HAENEL,HAFELE,HAFFEY,HAFFEZ,HAFLEY,HAFNER,HAFNIA,HAGANS,HAGENS,HAGGAN,HAGGAR,HAGGLE,HAGINS,HAGLER,HAGLEY,HAGMAN,HAGNER,HAGOOD,HAHNER,HAIDEE,HAIDER,HAIDET,HAIGHT,HAIKUS,HAILED,HAILES,HAILEY,HAIMES,HAINAN,HAINER,HAINES,HAINEY,HAIRDO,HAIRED,HAITIS,HAJDUK,HAJIME,HAJJAR,HAKALA,HAKEEM,HALAMA,HALASZ,HALBIG,HALBUR,HALDAN,HALDEN,HALDER,HALEVI,HALIDE,HALIFA,HALIMA,HALITE,HALLAM,HALLAS,HALLEN,HALLER,HALLET,HALLEY,HALLIE,HALLIN,HALLOW,HALLUM,HALMOS,HALPER,HALPIN,HALSEY,HALTED,HALTER,HALTOM,HALTON,HALVED,HALVES,HAMADA,HAMADI,HAMANN,HAMBLY,HAMBRO,HAMDAN,HAMDUN,HAMIEL,HAMILL,HAMISH,HAMLER,HAMLET,HAMLEY,HAMLIN,HAMMAC,HAMMAN,HAMMAR,HAMMAS,HAMMEL,HAMMEN,HAMMER,HAMMES,HAMMON,HAMNER,HAMPEL,HAMPER,HAMPLE,HAMRIC,HAMSON,HANCOX,HANDED,HANDEL,HANDER,HANDKE,HANDLE,HANDLY,HANEDA,HANGAR,HANGED,HANGEN,HANGER,HANGUL,HANGUP,HANING,HANISH,HANJIN,HANKEL,HANKEN,HANKER,HANKES,HANKEY,HANKIN,HANKLA,HANLEY,HANLIN,HANLON,HANMER,HANNAH,HANNAM,HANNAN,HANNAY,HANNEN,HANNER,HANNES,HANNEY,HANNIE,HANNIG,HANNIS,HANNON,HANNUM,HANOLD,HANSEL,HANSEN,HANSER,HANSMA,HANSOM,HANSON,HANTEN,HANVEY,HANWAY,HANZEL,HAPNER,HAPPEL,HAPPEN,HARADA,HARALD,HARARE,HARASS,HARBER,HARBIN,HARBOR,HARCUM,HARDEE,HARDEN,HARDER,HARDEY,HARDIE,HARDIN,HARDLY,HARGAN,HARGER,HARGIS,HARGUS,HARIMA,HARING,HARIRI,HARKEN,HARKER,HARKEY,HARKIN,HARLAN,HARLEM,HARLEY,HARLIN,HARLOT,HARLOW,HARMAN,HARMED,HARMEL,HARMEN,HARMER,HARMES,HARMON,HARNED,HARNER,HARNEY,HAROLD,HARPED,HARPEL,HARPER,HARPIN,HARPST,HARRAH,HARRAL,HARREL,HARREN,HARRER,HARRIS,HARROD,HARRON,HARROP,HARROW,HARSCH,HARSCO,HARSHA,HARTEL,HARTEN,HARTER,HARTIG,HARTIN,HARTIS,HARTJE,HARTKE,HARTLE,HARTOG,HARTON,HARVEL,HARVEY,HARVIE,HARVIN,HASBRO,HASHED,HASHEM,HASHER,HASHES,HASHIM,HASHMI,HASIDS,HASKEW,HASKIN,HASLAM,HASLER,HASLEY,HASMAN,HASPEL,HASSAN,HASSEL,HASSEN,HASSEY,HASSIG,HASSLE,HASSON,HASTEN,HASTEY,HASTIE,HASTON,HATALA,HATERS,HATING,HATLER,HATLEY,HATRED,HATTAN,HATTEN,HATTER,HATTIE,HATTON,HAUBER,HAUFER,HAUGAN,HAUGEN,HAUGER,HAUGHN,HAUGHT,HAULED,HAULER,HAUNTS,HAUSCH,HAUSEN,HAUSER,HAUSKY,HAUTER,HAUVER,HAVANA,HAVARD,HAVENS,HAVIER,HAVILL,HAVING,HAVINS,HAVLIK,HAVLIN,HAVNER,HAVRAN,HAVRON,HAWAII,HAWASS,HAWING,HAWKED,HAWKEN,HAWKER,HAWKES,HAWKEY,HAWLEY,HAWVER,HAXTON,HAYDEL,HAYDEN,HAYDON,HAYDUK,HAYING,HAYLES,HAYLEY,HAYMAN,HAYMES,HAYMON,HAYNER,HAYNES,HAYNIE,HAYTER,HAYTON,HAZARD,HAZELL,HAZIER,HAZING,HEACOX,HEADED,HEADEN,HEADER,HEAGLE,HEALED,HEALER,HEALEY,HEALTH,HEANEY,HEAPED,HEAPHY,HEARER,HEARIN,HEARNE,HEARNS,HEARON,HEARSE,HEARST,HEARTH,HEARTS,HEARTY,HEATED,HEATER,HEATON,HEAVED,HEAVEN,HEAVES,HEAVEY,HEAVIN,HEBARD,HEBERT,HEBNER,HEBREW,HEBRON,HECKEL,HECKER,HECKLE,HECTIC,HECTOR,HECUBA,HEDDEN,HEDEEN,HEDGED,HEDGER,HEDGES,HEDLEY,HEDMAN,HEDTKE,HEDWIG,HEEDED,HEEKIN,HEELAN,HEELED,HEENAN,HEENEY,HEEREN,HEESCH,HEETER,HEFFEL,HEFLER,HEFLEY,HEFLIN,HEFNER,HEFTER,HEGGEN,HEGGIE,HEGLER,HEGNER,HEHMAN,HEIBEL,HEIDEL,HEIDEN,HEIDER,HEIFER,HEIGES,HEIGHT,HEIKEN,HEIKES,HEILER,HEILIG,HEIMAN,HEIMER,HEINDL,HEINEN,HEINER,HEINES,HEINEY,HEINIG,HEINKE,HEINLE,HEINLY,HEINTZ,HEINZE,HEIPLE,HEISEL,HEISER,HEISEY,HEIZER,HEKKER,HELABA,HELANE,HELBER,HELBIG,HELDER,HELDOR,HELENA,HELENE,HELENS,HELFER,HELGET,HELICE,HELING,HELIOS,HELIUM,HELLEN,HELLER,HELMAN,HELMER,HELMES,HELMET,HELMIG,HELMKE,HELMUT,HELOTS,HELPED,HELPER,HELSEL,HELSER,HELTER,HELTON,HELVEY,HELVIE,HELWIG,HELZER,HEMANI,HEMANN,HEMANT,HEMING,HEMKER,HEMLER,HEMMED,HEMMEN,HEMMER,HEMOND,HEMPEL,HEMPEN,HEMRIC,HENARD,HENDEE,HENDEL,HENDON,HENDRA,HENDRY,HENERY,HENGEL,HENGST,HENION,HENKEL,HENKEN,HENKES,HENKIN,HENKLE,HENLEY,HENMAN,HENNAN,HENNEN,HENNER,HENNES,HENNEY,HENNIG,HENNIS,HENNON,HENRIE,HENRIK,HENSCH,HENSEL,HENSEN,HENSIL,HENSKE,HENSON,HENTIC,HENTON,HENZEL,HEPFER,HEPKER,HEPLER,HEPNER,HEPPER,HERALD,HERBAL,HERBEL,HERBER,HERBIE,HERBIG,HERBIN,HERBST,HERCEG,HERDAL,HERDED,HERDER,HEREBY,HEREIN,HERESY,HERGET,HERING,HERMAN,HERMES,HERMIA,HERMIE,HERMIT,HERMON,HERNAN,HERNER,HERNIA,HERNON,HEROES,HEROIC,HEROIN,HEROLD,HERONS,HEROUX,HERPES,HERREN,HERRIG,HERRIN,HERRLE,HERROD,HERRON,HERSCH,HERSCU,HERSEY,HERSOM,HERSON,HERTEL,HERTER,HERTHA,HERTIG,HERTOG,HERVEY,HERWIG,HERZER,HERZIG,HERZOG,HESIOD,HESLEP,HESLER,HESLIN,HESLOP,HESPER,HESSEL,HESSER,HESSON,HESTER,HESTIA,HESTON,HETMAN,HETTEL,HETTIE,HETZEL,HETZER,HEUMAN,HEUPEL,HEUSEN,HEUSER,HEVNER,HEWARD,HEWELL,HEWETT,HEWING,HEWINS,HEWITT,HEWLER,HEWSON,HEXANE,HEXCEL,HEYDAY,HEYDEN,HEYDON,HEYING,HEYMAN,HEYSER,HIATUS,HIBAAQ,HIBBEN,HIBDON,HIBLER,HIBNER,HICCUP,HICKAM,HICKEL,HICKEN,HICKEY,HICKLE,HICKOK,HICKOX,HIDDEN,HIDING,HIEBER,HIEGEL,HIGBEE,HIGBIE,HIGDON,HIGGEN,CATANO,CATCHY,CATENA,CATERS,CATHAY,CATHER,CATHEY,CATHIE,CATIJA,CATINO,CATLIN,CATNAP,CATNIP,CATONE,CATRON,CATSUP,CATTLE,CATTON,CAUBLE,CAUCUS,CAUDAL,CAUDLE,CAUGHT,CAULEY,CAUSAL,CAUSBY,CAUSED,CAUSER,CAUSES,CAUSEY,CAVACO,CAVEAT,CAVELL,CAVERN,CAVERS,CAVETT,CAVIAR,CAVING,CAVINS,CAVITT,CAVITY,CAVORT,CAWLEY,CAWOOD,CAXTON,CAYLIN,CAYLOR,CAYMAN,CAYSON,CAYTON,CAZIER,CDROMS,CEASAR,CEASED,CEASER,CEASES,CEBULA,CECALA,CECCHI,CECERE,CECILE,CECOLA,CEDARS,CEDENO,CEDING,CEDRAS,CEDRIC,CEFALO,CEFALU,CELANI,CELANO,CELAYA,CELEBS,CELENA,CELENE,CELERY,CELICA,CELINA,CELINE,CELIUM,CELLAR,CELLED,CELLIO,CELMER,CELNIK,CELONA,CELTIC,CEMENT,CENCOR,CENITH,CENSER,CENSOR,CENSUS,CENTEL,CENTER,CENTEX,CENTRE,CENTRO,CENTUM,CEPEDA,CEPERO,CEPHAS,CEPHUS,CERAMI,CEREAL,CERENO,CEREZO,CERINO,CERISE,CERMAK,CERNEY,CERONE,CERSKA,CERVIX,CESARE,CESARO,CESARZ,CESENA,CESIUM,CESSNA,CETERA,CEVAXS,CEYLON,CHABON,CHABOT,CHACHI,CHACIN,CHACKO,CHACON,CHADEL,CHADLI,CHAFED,CHAFEE,CHAFES,CHAFFY,CHAFIN,CHAINS,CHAIRS,CHAISE,CHAJET,CHALET,CHALKS,CHAMPA,CHAMPS,CHANCE,CHANCY,CHANDA,CHANEL,CHANEY,CHANGE,CHANIN,CHANOS,CHANTS,CHAPAS,CHAPEK,CHAPEL,CHAPIN,CHAPUT,CHAREN,CHARGE,CHARLA,CHARLE,CHARLS,CHARMS,CHARON,CHARRY,CHARTS,CHARYL,CHASED,CHASEN,CHASER,CHASES,CHASIN,CHASKA,CHASON,CHASSE,CHASTE,CHATTY,CHAVES,CHAVEZ,CHAVIN,CHAVIS,CHAWLA,CHAYON,CHAZEN,CHAZOV,CHEANE,CHEAPO,CHEATS,CHECKS,CHEECH,CHEEKS,CHEEKY,CHEELY,CHEERS,CHEERY,CHEESE,CHEESY,CHEIMI,CHELAN,CHEMED,CHEMEL,CHEMIE,CHEMYR,CHENEY,CHEONG,CHEQUE,CHERIE,CHERNE,CHERNY,CHERRY,CHERTS,CHERUB,CHERYL,CHESTS,CHEUNG,CHEUSE,CHEVES,CHEVIK,CHEVIS,CHEVYS,CHEWED,CHEWER,CHEYNE,CHIANG,CHIARA,CHIARO,CHICHI,CHICKS,CHIDED,CHIDES,CHIEFS,CHIESA,CHIKOS,CHILDE,CHILDS,CHILES,CHILIS,CHILLS,CHILLY,CHIMED,CHIMES,CHIMIE,CHIMPS,CHINEN,CHINKS,CHINOY,CHIODO,CHIPPS,CHIPPY,CHIRAC,CHIRCO,CHIRON,CHIRPS,CHIRPY,CHISAM,CHISEL,CHISOM,CHISUM,CHITRA,CHITTY,CHIVAS,CHIVES,CHIZEK,CHMIEL,CHMURA,CHOATE,CHOICE,CHOIRS,CHOKED,CHOKES,CHOLET,CHOLLA,CHONKO,CHOONG,CHOOSE,CHOOSY,CHOPER,CHOPIN,CHOPPY,CHOPRA,CHORAL,CHORBA,CHORDS,CHORES,CHORIC,CHORUS,CHOSEN,CHOSUN,CHOVAN,CHOYCE,CHREST,CHRISP,CHRISS,CHRIST,CHROME,CHRYST,CHRZAN,CHUANG,CHUBBY,CHUGAI,CHUMMY,CHUNKS,CHUNKY,CHURCH,CHURNS,CHURRY,CHUSTZ,CHUTES,CHYRON,CIAMPA,CIAMPI,CIANCI,CIARDI,CIARLO,CIBULA,CICADA,CICALA,CICELY,CICERO,CICHON,CICILY,CIESLA,CIGARS,CIHLAR,CILLER,CILLEY,CIMINI,CIMINO,CINDER,CINDIE,CINEMA,CINQUE,CINRAM,CIOCCA,CIOFFI,CIOLEK,CIOTTI,CIPHER,CIRCLE,CIRCON,CIRCUS,CIRESI,CIRINO,CIRKIN,CIRONE,CIRQUE,CIRRUS,CISKEI,CISLER,CISNEY,CISSIE,CISSNA,CISZEK,CITIES,CITING,CITRIC,CITRIN,CITRON,CITRUS,CIUCCI,CIUDAD,CIULLA,CIULLO,CIVICS,CLABIR,CLAEYS,CLAGUE,CLAIMS,CLAIRE,CLAMEN,CLAMMY,CLAMOR,CLAMPS,CLANCY,CLANIN,CLARAN,CLARDY,CLAREN,CLAREY,CLARIS,CLARKE,CLARKS,CLASBY,CLASEN,CLASON,CLASSY,CLAUDE,CLAUSE,CLAUSS,CLAVIN,CLAWED,CLAXON,CLAYEY,CLEANS,CLEARS,CLEARY,CLEATS,CLEAVE,CLEERE,CLEESE,CLEMEN,CLEMMY,CLENCH,CLERCQ,CLERGY,CLERIC,CLERKS,CLEVEN,CLEVER,CLEVIE,CLEWIS,CLICHE,CLICKS,CLIENT,CLIETT,CLIFFE,CLIFFS,CLIMAX,CLIMBS,CLIMER,CLIMES,CLINCH,CLINES,CLINGS,CLINIC,CLIQUE,CLITES,CLIVER,CLOCKS,CLONCH,CLONED,CLONES,CLONTS,CLONTZ,CLOROX,CLOSED,CLOSER,CLOSES,CLOSET,CLOTHE,CLOTHS,CLOUDS,CLOUDY,CLOUGH,CLOUSE,CLOVER,CLOVES,CLOVIS,CLOWER,CLOWES,CLOWNS,CLUBBY,CLUCAS,CLUCKS,CLUETT,CLUKEY,CLUMPS,CLUMPY,CLUMSY,CLUNKS,CLUNKY,CLUTCH,CLUTTS,CLYATT,CLYMER,CLYTIE,COARSE,COASTS,COATED,COATES,COAXED,COAXES,COAXUM,COBAIN,COBALT,COBBLE,COBEPA,COBERN,COBERT,COBIAN,COBLER,COBRAS,COBRIN,COBURN,COBWEB,COCCHI,COCCIA,COCCUS,COCHIN,COCKED,COCKER,COCKEY,COCKLE,COCOON,CODDLE,CODESA,CODIFY,CODING,CODLIN,CODNER,COEHLO,COELHO,COELLO,COENEN,COERCE,COFFEE,COFFEL,COFFER,COFFEY,COFFIN,COFIDE,COGECO,COGEMA,COGENT,COGGIN,COGLEY,COGNAC,COGNEX,COHERE,COHIBA,COHICK,COHILL,COHOON,COHORT,COHOST,COHRON,COIFFE,COILED,COINED,COINER,COITUS,COKING,COKLEY,COLBYS,COLDEN,COLDER,COLDLY,COLECO,COLEEN,COLEUS,COLFER,COLGAN,COLGIN,COLIER,COLINA,COLINE,COLINO,COLLAR,COLLEN,COLLER,COLLET,COLLEY,COLLIE,COLLIN,COLLIS,COLLOM,COLLOR,COLLUM,COLMAN,COLMER,COLOMA,COLOMB,COLONY,COLOPY,COLORS,COLOSI,COLOUR,COLSON,COLTEC,COLTER,COLTIE,COLTON,COLUMN,COLVER,COLVIN,COLYER,COMAIR,COMBAT,COMBED,COMBEE,COMBER,COMBES,COMDEN,COMDEX,COMEAU,COMEDY,COMELY,COMERS,COMETH,COMETS,COMFED,COMICS,COMING,COMINO,COMINS,COMITO,COMITY,COMLEY,COMMAS,COMMIE,COMMIT,COMMON,COMPAQ,COMPAS,COMPEL,COMPLY,COMPUS,COMRIE,COMSAT,CONAIR,CONANT,CONARD,CONATY,CONBOY,CONCHA,CONCUR,CONDER,CONDIE,CONDIT,CONDOM,CONDON,CONDOR,CONDOS,CONDRA,CONDRY,CONELY,CONERY,CONFER,CONGER,CONICS,CONJUL,CONKEL,CONKEY,CONKIN,CONKLE,CONLAN,CONLEE,CONLEY,CONLIN,CONLON,CONLOW,CONNAN,CONNED,CONNER,CONNIE,CONNON,CONNOR,CONOCO,CONOLY,CONRAC,CONRAD,CONRAN,CONREY,CONROE,CONROW,CONROY,CONSER,CONSIS,CONSOB,CONSOL,CONSUL,CONTAC,CONTEL,CONTOS,CONTRA,CONVEX,CONVEY,CONVOY,CONWAY,CONYER,COOGAN,COOGLE,COOING,COOKED,COOKER,COOKIE,COOLED,COOLER,COOLEY,COOLIO,COOLLY,COOMBE,COOMBS,COOMER,COOMES,COONAN,COONCE,COONER,COONES,COONEY,COONTZ,COOPED,COOPER,COOTER,COOVER,COPHER,COPIED,COPIER,COPIES,COPING,COPLAN,COPLEN,COPLEY,COPLIN,COPPED,COPPEE,COPPEL,COPPER,COPPIN,COPPLE,COPSEY,COPTIC,CORALS,CORATH,CORBAN,CORBEL,CORBET,CORBIN,CORBIT,CORCAP,CORDAY,CORDED,CORDER,CORDES,CORDIE,CORDIS,CORDLE,CORDON,CORDRY,CORDTS,CORELL,CORIER,CORINA,CORINN,CORISA,CORKEN,CORKER,CORKUM,CORLEW,CORLEY,CORMAN,CORMEN,CORNEA,CORNEL,CORNER,CORNET,CORNEY,CORNIA,CORNIE,CORONA,CORPSE,CORPUS,CORPUZ,CORRAL,CORRAO,CORREA,CORRIB,CORRIE,CORRIN,CORRON,CORROW,CORSER,CORSET,CORSON,CORTEN,CORTER,CORTES,CORTEX,CORTEZ,CORTIN,CORVIN,CORVUS,CORWIN,COSATU,COSCIA,COSELL,COSENS,COSIMA,COSMAN,COSMIC,COSMOS,COSNER,COSPER,COSSAT,COSSET,COSSEY,COSSIN,COSTAR,COSTAS,COSTCO,COSTED,COSTEN,COSTER,COSTIN,COSTLY,COSTON,COSTRA,COTHAM,COTIJA,COTLER,COTMAN,COTNER,COTNEY,COTRET,COTTAM,COTTEE,COTTEN,COTTER,COTTLE,COTTOM,COTTON,COUFAL,COUGAR,COUGHS,COULEE,COULON,COUNCE,COUNTS,COUNTY,COUPER,COUPES,COUPLE,COUPON,COURIC,COURSE,COURTS,COUSAR,COUSER,COUSIN,COUTEE,COUTTS,COVALT,COVELL,COVENT,COVERS,COVERT,COVETS,COVILL,COVINA,COVINO,COVITZ,COWANS,COWARD,COWART,COWBOY,COWDEN,COWEDA,COWELL,COWENS,COWGER,COWHER,COWING,COWLES,COWLEY,COWMAN,COWPER,COWSER,COYNER,COYOTE,COZART,COZIER,COZINE,COZMAN,CRABBE,CRABBS,CRABBY,CRABLE,CRACKS,CRADER,CRADIC,CRADLE,CRAFTS,CRAFTY,CRAGER,CRAGGS,CRAGGY,CRAGIN,CRAGLE,CRAGUN,CRAIGO,CRAINE,CRAKER,CRAMER,CRAMES,CRAMPS,CRANCE,CRANED,CRANER,CRANES,CRANEY,CRANKS,CRANKY,CRANNY,CRANOR,CRAPPS,CRAPPY,CRATER,CRATES,CRATIA,CRATON,CRATTY,CRAUGH,CRAVED,CRAVEN,CRAVER,CRAVES,CRAVEY,CRAVIN,CRAWLS,CRAWLY,CRAYNE,CRAYON,CRAZED,CREACH,CREAGH,CREAKY,CREAMS,CREAMY,CREASE,CREASY,CREATE,CREATH,CRECHE,CREDIT,CREDLE,CREECH,CREECY,CREEDS,CREEKS,CREELY,CREEPS,CREEPY,CREGAN,CREGAR,CREGER,CREHAN,CREMER,CREMIN,CREOLE,CREPES,CREQUE,CRESAP,CRESCI,CRESON,CRESPI,CRESPO,CRESSY,CRESTS,CRETIN,CREWEL,CREWES,CRIBBS,CRIDER,CRIGER,CRILLY,CRIMEA,CRIMES,CRIMPS,CRINER,CRINGE,CRIPPS,CRISCI,CRISCO,CRISES,CRISIS,CRISPO,CRISPY,CRISTA,CRISTO,CRITES,CRITIC,CRITON,CRIVEN,CROATS,CROCCO,CROCUS,CROFTS,CROGAN,CROKER,CROLEY,CROMER,CROMIE,CRONAN,CRONCE,CRONEN,CRONER,CRONEY,CRONIN,CRONUS,CROOKE,CROOKS,CROOMS,CROONS,CROSBY,CROSON,CROSSE,CROTCH,CROTTS,CROTTY,CROUCH,CROUGH,CROUSE,CROVLS,CROWDS,CROWED,CROWLE,CROWNE,CROWNS,CROWNX,CROYLE,CRUCES,CRUDDY,CRUDES,CRUDUP,CRUGER,CRUISE,CRUMBS,CRUMBY,CRUMLY,CRUMMY,CRUNCH,CRUSAN,CRUSER,CRUSOE,CRUSTS,CRUSTY,CRUTCH,CRUZAN,CRUZEN,CRYDER,CRYING,CRYMES,CRYPTO,CRYPTS,CUADRA,CUBANS,CUBISM,CUBIST,CUCCHI,CUCCIA,CUCCIO,CUCKOO,CUDAHY,CUDDLE,CUDDLY,CUDGEL,CUDNEY,CUELLO,CUENCA,CUERVO,CUESTA,CUEVAS,CUFFED,CUFFEE,CUGINI,CUHNEY,CULBRO,CULKIN,CULLAN,CULLED,CULLEN,CULLER,CULLET,CULLEY,CULLIN,CULLOM,CULLOP,CULLUD,CULLUM,CULMER,CULTIC,CULTON,CULVER,CUMBEE,CUMBER,CUMBIA,CUMBIE,CUNARD,CUOZZO,CUPIDS,CUPOLA,CURARE,CURARI,CURATE,CURBED,CURBOW,CURCIO,CURFEW,CURIEL,CURING,CURIOS,CURLED,CURLEE,CURLER,CURLEY,CURLIN,CURNOW,CURRAN,CURREN,CURREY,CURRIE,CURRIN,CURRYS,CURSED,CURSES,CURSOR,CURTIN,CURTIS,CURTLY,CURTSY,CURVED,CURVES,CURVIN,CURZIO,CUSACK,CUSANO,CUSHEY,CUSICK,CUSSED,CUSSON,CUSTER,CUSTIS,CUSTOM,CUTAIA,CUTEST,CUTESY,CUTLER,CUTLIP,CUTOFF,CUTOUT,CUTRER,CUTTER,CUYLER,CWIKLA,CWYNAR,CYBILL,CYBORG,CYCADS,CYCARE,CYCLED,CYCLES,CYCLIC,CYGNUS,CYMBAL,CYMROT,CYNARA,CYNICS,CYNRIC,CYNWYD,CYPERT,CYPHER,CYPRIS,CYPRUS,CYRANO,CYRENA,CYSTIC,CZAJKA,CZAPLA,CZARNY,CZECHS,CZERNY,DABBLE,DABHOL,DABNEY,DACHAU,DACRON,DACRUZ,DACTYL,DADAMO,DADFAR,DAELIM,DAEMON,DAEWOO,DAFFIN,DAGATA,DAGGER,DAGLEY,DAGMAR,DAHILL,DAHLEM,DAHLEN,DAHLER,DAHLIA,DAHLIN,DAHLKE,DAHMAN,DAHMEN,DAHMER,DAHNKE,DAIGLE,DAIGRE,DAIKIN,DAILEY,DAINES,DAINTY,DAISEY,DAKOTA,DALBAR,DALBEC,DALBEY,DALETH,DALFEN,DALIAN,DALILA,DALKON,DALLAS,DALLEY,DALMAN,DALOIA,DALTON,DAMAGE,DAMASK,DAMATO,DAMBRA,DAMIAN,DAMICO,DAMIEN,DAMITA,DAMITZ,DAMMAM,DAMMAN,DAMMED,DAMMEN,DAMMER,DAMMIT,DAMNED,DAMONE,DAMONS,DAMORE,DAMOUR,DAMPED,DAMPEN,DAMPER,DAMRON,DAMROW,DAMSEL,DAMSON,DAMUTH,DANAHY,DANCED,DANCER,DANCES,DANCEY,DANEEL,DANELL,DANESE,DANGEL,DANGER,DANGLE,DANICA,DANIEL,DANISH,DANJUB,DANJUS,DANKER,DANLEY,DANNEN,DANNER,DANNIE,DANSBY,DANSER,DANSIE,DANSKE,DANSKY,DANSON,DANTIN,DANTON,DANUBE,DANZER,DANZIG,DAOUST,DAPHNE,DAPICE,DAPPER,DARCEY,DARCIE,DARDAR,DARDEN,DARDIS,DARFUR,DARGAN,DARGIS,DARICE,DARIEN,DARING,DARITY,DARIUS,DARKEN,DARKER,DARKIE,DARKLY,DARLEY,DARLIE,DARLIN,DARMAN,DARMON,DARNED,DARNEL,DARNER,DAROSA,DARRAH,DARREL,DARREN,DARRIN,DARROW,DARRYL,DARSEY,DARTED,DARTER,DARTEZ,DARTON,DARWIN,DASARO,DASEKE,DASHED,DASHEL,DASHER,DASHES,DASPIN,DASPIT,DASSOW,DATEXT,DATING,DATRON,DATSUN,DATURA,DAUBED,DAUBER,DAURIA,DAUZAT,DAVERN,DAVIDA,DAVIDE,DAVIDS,DAVIES,DAVILA,DAVINA,DAVINO,DAVITT,DAVLIN,DAVOLI,DAWDLE,DAWLEY,DAWNED,DAWSEY,DAWSON,DAYLEY,DAYTON,DAYTOP,DAZZLE,DEACON,DEADEN,DEADER,DEADLY,DEAFEN,DEAKIN,DEALBA,DEALER,DEALEY,DEAMER,DEANDA,DEANER,DEANNA,DEARER,DEARLY,DEARTH,DEASON,DEATER,DEATHS,DEATON,DEAVER,DEBARR,DEBASE,DEBATE,DEBAUN,DEBBIE,DEBEER,DEBELL,DEBLUM,DEBNAM,DEBOER,DEBOLD,DEBOLT,DEBONA,DEBONO,DEBORA,DEBORD,DEBOSE,DEBRIS,DEBTOR,DEBUHR,DEBUNK,DEBUSK,DEBUTS,DECADE,DECALS,DECAMP,DECANT,DECARO,DECATO,DECAYS,DECEIT,DECENT,DECIDE,DECIMA,DECKED,DECKER,DECLUE,DECODE,DECOLA,DECOOK,DECOYS,DECREE,DECTER,DECUIR,DEDHAM,DEDIOS,DEDMAN,DEDMON,DEDUCE,DEDUCT,DEEDED,DEEDEE,DEEGAN,DEEHAN,DEELEY,DEEMED,DEEMER,DEENER,DEENEY,DEEPAK,DEEPEN,DEEPER,DEEPLY,DEETER,DEFACE,DEFAME,DEFCON,DEFEAT,DEFECT,DEFEND,DEFERS,DEFIED,DEFIES,DEFINA,DEFINE,DEFINO,DEFOOR,DEFORD,DEFORE,DEFORM,DEFRAY,DEFTLY,DEFUND,DEFUSE,DEGLER,DEGNAN,DEGNER,DEGOOD,DEGRAW,DEGRAY,DEGREE,DEHAAN,DEHAAS,DEHART,DEHECQ,DEHERE,DEHLER,DEHMER,DEHNER,DEHOFF,DEIBEL,DEIDRE,DEIGNS,DEIKEL,DEINES,DEITCH,DEITER,DEJEAN,DEJECT,DEJOHN,DEJONG,DEKALB,DEKKER,DELACY,DELAGE,DELAIR,DELAND,DELANE,DELANO,DELANY,DELAPP,DELARA,DELAYS,DELCOR,DELEON,DELETE,DELFIN,DELIAL,DELICH,DELILA,DELIMA,DELINE,DELISA,DELISE,DELISI,DELIST,DELKER,DELLER,DELLIS,DELMAN,DELMAR,DELMAS,DELMED,DELMER,DELONG,DELORA,DELORE,DELORS,DELOSH,DELPHI,DELRAY,DELRIO,DELTAK,DELTAS,DELTEC,DELUCA,DELUDE,DELUGE,DELUNA,DELUXE,DELVED,DELVES,DELVIN,DELWIN,DELWIP,DELWYN,DELZER,DEMAIN,DEMAIO,DEMAND,DEMARK,DEMARS,DEMARY,DEMASI,DEMAYO,DEMEAN,DEMELO,DEMENT,DEMERS,DEMERY,DEMICK,DEMILO,DEMING,DEMINT,DEMISE,DEMISH,DEMLER,DEMMER,DEMMON,DEMOND,DEMONS,DEMONT,DEMORE,DEMORY,DEMOSS,DEMOTE,DEMOTT,DEMSKI,DEMSKY,DEMURE,DEMURO,DEMURS,DEMUTH,DEMYAN,DENARD,DENARO,DENBOW,DENDEN,DENEAU,DENEEN,DENEKE,DENEVE,DENGEL,DENGUE,DENHAM,DENIAL,DENICE,DENIED,DENIES,DENIKE,DENIRO,DENISE,DENKER,DENLEA,DENLEY,DENMAN,DENMON,DENNEN,DENNER,DENNEY,DENNIE,DENNIN,DENNIS,DENOTE,DENSCH,DENSER,DENSON,DENTAL,DENTED,DENTIN,DENTON,DENTSU,DENUDE,DENVER,DENYSE,DENZEL,DENZER,DENZIL,DEPACE,DEPALO,DEPART,DEPASS,DEPAUL,DEPAUW,DEPEND,DEPICT,DEPINA,DEPLOY,DEPNER,DEPOLO,DEPORT,DEPOSE,DEPOSI,DEPOTS,DEPPEN,DEPREE,DEPREY,DEPREZ,DEPTHS,DEPUTY,DERAIL,DERAMO,DERDEN,DEREGT,DERHAM,DERICK,DERIDA,DERIDE,DERING,DERISE,DERISO,DERIVE,DERMAL,DERMAN,DERMER,DERMIS,DERMOT,DERNER,DEROOS,DEROSA,DEROSE,DERRIG,DERROW,DERSCH,DERUKO,DERVIN,DERWIN,DERYCK,DERYLE,DESENA,DESERT,DESHAW,DESHON,DESIGN,DESIRE,DESIST,DESKIN,DESMAN,DESMET,DESOTO,DESPER,DESPOT,DESTEC,DESTIN,DETACH,DETAIL,DETAIN,DETECT,DETERS,DETERT,DETEST,DETJEN,DETMER,DETORE,DETOUR,DETTER,DETURK,DETZEL,DEUBEL,DEUSER,DEUTCH,DEVALL,DEVANE,DEVANY,DEVAUL,DEVAUX,DEVEAU,DEVENS,DEVENY,DEVERA,DEVERE,DEVERS,DEVICE,DEVILS,DEVINE,DEVINO,DEVINS,DEVISE,DEVITA,DEVITO,DEVITT,DEVIVO,DEVLIN,DEVOID,DEVOLL,DEVONA,DEVORE,DEVOSS,DEVOTE,DEVOTO,DEVOUR,DEVOUT,DEVROY,DEWALD,DEWALL,DEWALT,DEWARE,DEWARR,DEWART,DEWBRE,DEWEES,DEWELL,DEWINE,DEWING,DEWIRE,DEWITT,DEWITZ,DEWOLF,DEWULF,DEXTER,DEXTRA,DEXTRO,DEYTON,DEZARN,DEZERN,DEZIEL,DHARMA,DHIRAJ,DHONDT,DIABLO,DIADEM,DIALED,DIALOG,DIANNA,DIANNE,DIAPER,DIARIO,DIBARI,DIBBLE,DIBERT,DIBOLL,DIBONA,DICEON,DICIER,DICING,DICKEL,DICKEN,DICKER,DICKES,DICKEY,DICKIE,DICOLA,DICOTS,DICTUM,DIDIER,DIDION,DIEBEL,DIEDRE,DIEGEL,DIEMER,DIENER,DIENES,DIENST,DIERKS,DIESEL,DIESES,DIETEL,DIETER,DIETZE,DIFFEE,DIFFER,DIFFID,DIFFIN,DIGATE,DIGEST,DIGGER,DIGGES,DIGGLE,DIGITI,DIGITS,DIGMAN,DIGNAN,DIJKER,DILATE,DILDAY,DILDOS,DILGER,DILLAN,DILLEN,DILLER,DILLEY,DILLIE,DILLIN,DILLON,DILLOW,DILSON,DILUTE,DIMAIO,DIMARE,DIMASI,DIMICK,DIMING,DIMINO,DIMMED,DIMMER,DIMOCK,DIMONA,DIMOND,DIMPLE,DIMURO,DINARS,DINEEN,DINERS,DINESH,DINGEE,DINGEL,DINGER,DINGES,DINGHY,DINGLE,DINGUS,DINING,DININO,DINIUS,DINKEL,DINNER,DINOTO,DINOVO,DIODES,DIONNE,DIORIO,DIOXIN,DIPOLE,DIPPED,DIPPEL,DIPPER,DIPPLE,DIRCKS,DIRECT,DIREST,DIRKES,DIRKSE,DIRLAM,DIROSA,DISANO,DISARM,DISBAR,DISBRO,DISCOS,DISCUS,DISHAW,DISHED,DISHER,DISHES,DISHON,DISKIN,DISMAL,DISMAY,DISNEY,DISOWN,DISPEL,DISQUE,DISTAD,DISTAL,DISTEL,DISTIL,DISUSE,DITHER,DITLOW,DITMER,DITTER,DITTON,DITTUS,DITZEL,DIVALL,DIVELY,DIVENS,DIVERS,DIVERT,DIVEST,DIVIDE,DIVINE,DIVING,DIVITA,DIVITO,DIWALI,DIXONS,DIXSON,DLOUHY,DLUGOS,DMITRI,DOABLE,DOANNA,DOBBIE,DOBBIN,DOBESH,DOBIAS,DOBIES,DOBKIN,DOBLER,DOBOSZ,DOBRIN,DOBSON,DOBYNS,DOCENT,DOCHOW,DOCILA,DOCILE,DOCKED,DOCKEN,DOCKER,DOCKET,DOCTOR,DODARO,DODGED,DODGEN,DODGER,DODGES,DODSON,DOEDEN,DOEPKE,DOGEAR,DOGGED,DOGGIE,DOHENY,DOHMAN,DOHMEN,DOHNER,DOIDGE,DOINGS,DOIRON,DOKELY,DOKKEN,DOKTOR,DOLAND,DOLATA,DOLBOW,DOLDER,DOLGEN,DOLGIN,DOLING,DOLLAN,DOLLAR,DOLLED,DOLLEY,DOLLIE,DOLLOP,DOLMAN,DOLNEY,DOLSON,DOLTON,DOMAIN,DOMBEK,DOMECQ,DOMICO,DOMINA,DOMINE,DOMINI,DOMINO,DOMINY,DOMMER,DOMMIE,DOMTAR,DONAHO,DONAIS,DONALD,DONATA,DONATE,DONATH,DONATI,DONATO,DONDER,DONGEN,DONHAM,DONICA,DONKEY,DONLAN,DONLEY,DONLIN,DONLON,DONNAN,DONNAS,DONNAY,DONNED,DONNER,DONNIE,DONOHO,DONORS,DONUTS,DONVAN,DOODAD,DOODLE,DOOGIE,DOOLAN,DOOLEN,DOOLEY,DOOLIN,DOOMED,DOONAN,DOONER,DOPSON,DORADO,DORAIS,DORCAS,DOREEN,DORENA,DORENE,DORGAN,DORIAN,DORICE,DORINE,DORING,DORION,DORISE,DORITY,DORMAN,DORMER,DORNAK,DORNAM,DORNAN,DORNER,DORNEY,DORNIN,DORRIE,DORRIS,DORROH,DORSAL,DORSCH,DORSET,DORSEY,DORTCH,DORTHY,DORTON,DORVAL,DOSAGE,DOSHER,DOSIER,DOSING,DOSSEY,DOSTAL,DOSTER,DOSTIE,DOTHAN,DOTING,DOTSON,DOTTED,DOTTER,DOTTIE,DOUBEK,DOUBET,DOUBLE,DOUBLY,DOUBTS,DOUCET,DOUCHE,DOUDNA,DOUGAL,DOUGAN,DOUGHY,DOUGIE,DOUKAS,DOUSED,DOVISH,DOWDEN,DOWDLE,DOWELL,DOWELS,DOWERS,DOWLEN,DOWLER,DOWNED,DOWNEN,DOWNER,DOWNES,DOWNEY,DOWNIE,DOWNUM,DOZENS,DOZIER,DOZING,DRABEK,DRABIK,DRAFTS,DRAFTY,DRAGAN,DRAGER,DRAGGY,DRAGON,DRAGOO,DRAHOS,DRAINE,DRAINS,DRAKES,DRAKOS,DRALLE,DRAMAS,DRANEY,DRAPED,DRAPER,DRAPES,DRAVES,DRAVIS,DRAWDY,DRAWER,DRAWLS,DRAYER,DREADS,DREAMS,DREAMT,DREAMY,DREARY,DREDGE,DREESE,DREGER,DREHER,DREIER,DREMAN,DRENCH,DRENTH,DRESCH,DRESEN,DRESSY,DREWES,DREWRY,DREXEL,DREYER,DRIEST,DRIFTA,DRIFTS,DRIGGS,DRILLS,DRINAS,DRINKS,DRIPPS,DRIVEL,DRIVEN,DRIVER,DRIVES,DROBNY,DRODDY,DROEGE,DROGUE,DROHAN,DROIDS,DROLET,DROMER,DROMEY,DROMON,DRONED,DRONES,DRONET,DRONEY,DROOPY,DROPSY,DROSER,DROSTE,DROTAR,DROUIN,DROVER,DROVES,DROWNS,DROWSY,DROZDA,DRUCIE,DRUDGE,DRUGAN,DRUIDS,DRUNKS,DRUPES,DRUSIE,DRYDEN,DRYERS,DRYING,DRYSER,DSOUZA,DUARTE,DUBACH,DUBBED,DUBCEK,DUBEAU,DUBIEL,DUBLIN,DUBOFF,DUBOIS,DUBORD,DUBOSE,DUBRAY,DUBREE,DUBROC,DUBROW,DUCHIN,DUCHON,DUCHOW,DUCKED,DUCKER,DUCLOS,DUCOTE,DUDACK,DUDASH,DUDECK,DUDLEY,DUDMAN,DUDNEY,DUDZIK,DUEITT,DUEKER,DUELED,DUENAS,DUENEZ,DUENOW,DUERST,DUFFEE,DUFFEK,DUFFEL,DUFFER,DUFFEY,DUFFIE,DUFFIN,DUFFUS,DUFNER,DUFORD,DUFORT,DUFOUR,DUGALD,DUGGAN,DUGGAR,DUGGER,DUGGIN,DUGOUT,DUGUAY,DUGUID,DUHART,DUKART,DUKING,DULANY,DULCEA,DULCET,DULCIE,DULING,DULLEA,DULLED,DULLER,DULLES,DULONG,DULSKI,DULUDE,DULUTH,DUMAIS,DUMBER,DUMIRE,DUMLAO,DUMLER,DUMMER,DUMOND,DUMONT,DUMPED,DUMPER,DUMPTY,DUNBAR,DUNCAN,DUNDAS,DUNDEE,DUNDON,DUNFEE,DUNGAN,DUNGEY,DUNHAM,DUNITE,DUNKED,DUNKEL,DUNKER,DUNKIN,DUNKLE,DUNLAP,DUNLAY,DUNLEY,DUNLOP,DUNMAN,DUNNAM,DUNNED,DUNPHY,DUNSON,DUNTON,DUPLER,DUPLEX,DUPONT,DUPRAS,DUPREE,DUPREY,DUPUIS,DURALL,DURAND,DURANG,DURANT,DURAZO,DURBAN,DURBEN,DURBIN,DURDEN,DURDIN,DURELL,DURENE,DURESS,DURFEE,DURFEY,DURGAN,DURGIN,DURHAM,DURICK,DURING,DURKEE,DURKIN,DURLEY,DURNEY,DURNIL,DURNIN,DUROSS,DURRAH,DURWIN,DURYEA,DURYEE,DUSETT,DUSING,DUSKIN,DUSTED,DUSTER,DUSTIN,DUSTON,DUTHIE,DUTIES,DUTOIT,DUTROW,DUTSON,DUTTER,DUTTON,DUVALL,DVORAK,DWARFS,DWAYNE,DWELLE,DWELLS,DWIGHT,DWORAK,DWORIN,DYCHES,DYEING,DYGERT,DYKMAN,DYLANS,DYMENT,DYMOND,DYNAMO,DYNEER,DYSART,DYSERT,DZIALO,DZIUBA,EACHAN,EACHUS,EAGLES,EAGLIN,EAKINS,EALING,EAPPEN,EARFUL,EARGLE,EARLES,EARLEY,EARLIE,EARNED,EARNER,EARNEY,EARTHA,EARTHS,EARTHY,EARVIN,EARWAX,EASIER,EASILY,EASING,EASLER,EASLEY,EASTEP,EASTER,EASTES,EASTIN,EASTON,EATERS,EATERY,EATING,EATMAN,EATMON,EBANKS,EBASCO,EBAUGH,EBBERS,EBBERT,EBBING,EBERLE,EBERLY,EBERTS,EBLING,EBONIC,ECCLES,ECEVIT,ECHARD,ECHLIN,ECHOED,ECHOES,ECHOLS,ECKARD,ECKART,ECKELS,ECKERD,ECKERT,ECKLER,ECKLES,ECKLEY,ECKMAN,ECOGEN,ECOLAB,ECZEMA,EDBERG,EDBERT,EDDIES,EDDINS,EDELEN,EDERER,EDGELL,EDGETT,EDGING,EDGLEY,EDGMON,EDGREN,EDIBLE,EDICTS,EDIGER,EDISON,EDISTO,EDITED,EDITHA,EDITHE,EDITOR,EDIVAL,EDLING,EDLUND,EDMARK,EDMOND,EDMUND,EDSALL,EDUARD,EDWALD,EDWARD,EDWINA,EDYTHE,EDZARD,EERILY,EFECTO,EFFACE,EFFECT,EFFETE,EFFIGY,EFFLER,EFFLUX,EFFORT,EFFRON,EGBERT,EGELER,EGERER,EGGCUP,EGGERS,EGGERT,EGGING,EGGNOG,EGLAND,EGLISE,EGLOFF,EGOISM,EGRESS,EHLERS,EHLERT,EHMANN,EHRICH,EHRLER,EHRMAN,EHRSAM,EICHEL,EICHEN,EICHER,EIDSON,EIFERT,EIFFEL,EIFLER,EIGHMY,EIGHTH,EIGHTS,EIGHTY,EIGNER,EIICHI,EILAND,EILEEN,EILERS,EILERT,EIMERS,EIRENA,EIRICH,EISELE,EISERT,EISLER,EISMAN,EISNER,EITHER,EITZEN,EJECTS,EKBERG,EKBLAD,EKDAHL,EKHOLM,EKLUND,ELAINA,ELAINE,ELAIRE,ELAMIN,ELAPSE,ELARDO,ELATED,ELATER,ELATES,ELAYNE,ELBAUM,ELBERT,ELBOWS,ELBRUS,ELCOCK,ELDERS,ELDEST,ELDORA,ELDRED,ELDRIC,ELDWIN,ELECTS,ELEDGE,ELEVEN,ELEXIS,ELFERS,ELFISH,ELFMAN,ELFORD,ELGART,ELICIT,ELIJAH,ELINOR,ELIOTT,ELISHA,ELISON,ELISSA,ELITES,ELIXIR,ELKIND,ELKINS,ELKTON,ELLARD,ELLENA,ELLENE,ELLERS,ELLERT,ELLERY,ELLETT,ELLICE,ELLIFF,ELLING,ELLIOS,ELLIOT,ELLMAN,ELLNER,ELLROY,ELLZEY,ELMIRA,ELMORE,ELNORA,ELNORE,ELOISA,ELOISE,ELOPES,ELPERS,ELRICA,ELRICH,ELRICK,ELSDON,ELSNER,ELSTAD,ELSTER,ELSTON,ELTING,ELUDED,ELUDES,ELVERA,ELVERS,ELVINA,ELVING,ELVIRA,ELVIRE,ELWELL,ELWOOD,ELYRIA,ELYSEE,ELYSIA,EMAILS,EMBALM,EMBARK,EMBERS,EMBLEM,EMBLER,EMBODY,EMBOSS,EMBREE,EMBREY,EMBRYO,EMBURY,EMELDA,EMELIE,EMERGE,EMERSE,EMETIC,EMHART,EMIGRE,EMILIA,EMILIE,EMILIO,EMISON,EMLING,EMMAUS,EMMERT,EMMERY,EMMETT,EMMICK,EMMITT,EMMONS,EMMOTT,EMPATH,EMPIRE,EMPLOY,EMPSON,EMPTED,EMPTOR,EMRICH,EMRICK,EMSLIE,EMULEX,ENABLE,ENACTS,ENAMEL,ENAMOR,ENBERG,ENCAMP,ENCASE,ENCATA,ENCINO,ENCISO,ENCODE,ENCORE,ENDAKA,ENDARA,ENDEAR,ENDERS,ENDING,ENDIVE,ENDLER,ENDOWS,ENDRES,ENDUED,ENDURE,ENEMAS,ENERGY,ENFANT,ENFOLD,ENGAGE,ENGELS,ENGERT,ENGINE,ENGLER,ENGLES,ENGMAN,ENGRAM,ENGULF,ENHOLM,ENIGMA,ENJOIN,ENJOYS,ENLIST,ENMESH,ENMITY,ENOCHS,ENOUGH,ENRAGE,ENRICA,ENRICH,ENRICO,ENRILE,ENROLL,ENSECO,ENSIGN,ENSING,ENSLEN,ENSLEY,ENSLIN,ENSLOW,ENSRUD,ENSUED,ENSUES,ENSURE,ENTAIL,ENTERS,ENTICE,ENTIRE,ENTITY,ENTLER,ENTOMB,ENTRAP,ENTREE,ENVIED,ENVIRO,ENVOYS,ENYART,ENZYME,EOCENE,EPHLIN,EPHRON,EPLING,EPOCHS,EPOGEN,EPPARD,EPPERS,EPPICH,EPPING,EPPLER,EPPLEY,EPPNER,EPROMS,EPTING,EQUALS,EQUATE,EQUINE,EQUION,EQUIPS,EQUITY,ERAKAT,ERASED,ERASER,ERASES,ERAWAN,ERBURU,ERCOLE,ERCROS,ERDAHL,ERDMAN,ERECTS,ERGOTS,ERHARD,ERHART,ERICKA,ERLACH,ERLAND,ERLENE,ERLICH,ERLICK,ERLINE,ERLING,ERMINA,ERMINE,ERNEST,ERODED,ERODES,EROICA,EROTIC,ERRAND,ERRANT,ERRETT,ERRICO,ERRING,ERRORS,ERSATZ,ERSHAD,ERSKIN,ERTMAN,ERUPTS,ERVING,ERWINA,ERYKAH,ESAREY,ESCADA,ESCAPE,ESCHEN,ESCHER,ESCHEW,ESCORA,ESCORT,ESCOTO,ESCOTT,ESCROW,ESCUDO,ESKIMO,ESLICK,ESMARK,ESMINE,ESMOND,ESPADA,ESPANA,ESPEJO,ESPINO,ESPLIN,ESPRIT,ESQUER,ESSARY,ESSAYS,ESSICK,ESSMAN,ESSNER,ESTATE,ESTEEM,ESTELL,ESTEPP,ESTERS,ESTEVE,ESTHER,ESTILL,ESTOCK,ESTRIN,ESTRUS,ETCHED,ETCHES,ETHANE,ETHENE,ETHERS,ETHICS,ETHIER,ETHNIC,ETHNOS,ETHYOL,ETLING,ETTERS,ETUDES,ETZLER,EUBANK,EUCHRE,EUCLEA,EUCLID,EUDORA,EUGENE,EULICH,EULOGY,EUNICE,EUNUCH,EURECA,EUREKA,EUREST,EURICH,EUROPA,EUROPE,EUSTIS,EUTSEY,EVADED,EVADER,EVADES,EVADNE,EVANGI,EVANKO,EVANOV,EVARTS,EVELYN,EVENED,EVENLY,EVENTS,EVERED,EVEREX,EVERLY,EVERTS,EVETTS,EVINCE,EVITTS,EVOKED,EVOKES,EVOLVE,EVONNE,EVRARD,EWBANK,EWINGS,EWOLDT,EWORLD,EXACTS,EXALTS,EXCEED,EXCELS,EXCEPT,EXCESS,EXCISE,EXCITE,EXCUSE,EXEMPT,EXERTS,EXETER,EXHALE,EXHORT,EXHUME,EXILED,EXILES,EXISTS,EXITED,EXLINE,EXOCET,EXODUS,EXOTIC,EXOVIR,EXPAND,EXPECT,EXPEND,EXPERT,EXPIRE,EXPIRY,EXPORT,EXPOSE,EXTANT,EXTEND,EXTENT,EXTOLS,EXTORT,EXTRAS,EXUDED,EXUDES,EXULTS,EYEING,EYELAB,EYELET,EYELID,EYERLY,EYRICH,EYRING,EYSTER,EZELLE,EZZELL,FABBRI,FABELA,FABIAN,FABIEN,FABLED,FABLES,FABRIC,FABRIS,FABRON,FACADE,FACETS,FACHET,FACIAL,FACILE,FACING,FACTLY,FACTOR,FADDEN,FADDIS,FADELY,FADING,FAGGOT,FAGLEY,FAGOTH,FAHRER,FAILED,FAILLA,FAILOR,FAIOLA,FAIRER,FAIRES,FAIREY,FAIRLY,FAISAL,FAISON,FAITHS,FAIVRE,FAJITA,FAKERS,FAKING,FALANI,FALCON,FALISE,FALLAW,FALLEN,FALLER,FALLIN,FALLIS,FALLON,FALLOW,FALTER,FALVEY,FALYNN,FALZON,FAMBRO,FAMERS,FAMILY,FAMINE,FAMOUS,FANARA,FANDEL,FANECH,FANGER,FANGLE,FANGUY,FANNED,FANNIE,FANNIN,FANNON,FANTLE,FANTON,FARACE,FARACI,FARAGO,FARAHA,FARBEN,FARBER,FARESE,FARFEN,FARHAT,FARIAS,FARICA,FARIES,FARINA,FARING,FARINO,FARISH,FARISS,FARKAS,FARLEE,FARLER,FARLEY,FARLOW,FARMAN,FARMED,FARMER,FARNAM,FARNAN,FARNER,FARNES,FARNEY,FARNUM,FAROLD,FARONE,FAROUK,FARRAH,FARRAN,FARRAR,FARREL,FARREN,FARRER,FARREY,FARRIS,FARRON,FARROW,FARSON,FARVER,FASANO,FASICK,FASONE,FASTED,FASTEN,FASTER,FASULO,FATHER,FATHOM,FATIMA,FATTEN,FATTER,FATULA,FAUBEL,FAUBER,FAUBLE,FAUBUS,FAUCET,FAUGHN,FAUGHT,FAULDS,FAULKS,FAULTS,FAULTY,FAUNAL,FAUNCE,FAUPEL,FAUROT,FAUSER,FAUSEY,FAUSTA,FAUSTO,FAUVER,FAVALE,FAVARO,FAVATA,FAVELA,FAVERO,FAVORS,FAVOUR,FAWKES,FAWLEY,FAWVER,FAXING,FAYARD,FAZZIO,FEAGAN,FEAGIN,FEAGLE,FEALTY,FEARED,FEARON,FEASEL,FEASTS,FEAZEL,FEBLES,FEBRES,FECHER,FEDDER,FEDELE,FEDELI,FEDEWA,FEDIAY,FEDLER,FEDORA,FEEBIS,FEEBLE,FEEBLY,FEEDER,FEEHAN,FEELER,FEELEY,FEENEY,FEESER,FEEZOR,FEFFER,FEGLEY,FEHNEL,FEIGEL,FEIGEN,FEIGER,FEIGHT,FEIGIN,FEILER,FEINER,FEISTY,FEKETE,FELBER,FELDER,FELGER,FELICE,FELINE,FELIPE,FELKEL,FELKER,FELLAS,FELLED,FELLER,FELLIN,FELLOW,FELMAN,FELONS,FELONY,FELSKE,FELTEN,FELTER,FELTES,FELTON,FELTUS,FELVER,FEMALE,FEMINA,FENCED,FENCES,FENDED,FENDER,FENECH,FENGER,FENIAN,FENLEY,FENLON,FENNEL,FENNER,FENNEY,FENSKE,FENTER,FENTON,FENWAY,FENZEL,FEODOR,FERBER,FERDIE,FERDIG,FERDON,FERENC,FERGER,FERGIE,FERGUS,FERMAN,FERMIN,FERNAO,FERNAU,FERNER,FERRAN,FERRAR,FERREE,FERREL,FERREN,FERRER,FERRET,FERRIE,FERRIN,FERRIS,FERRIZ,FERRON,FERTIG,FERVID,FERVOR,FESCUE,FESLER,FESSED,FESSEL,FESTER,FESTUS,FETISH,FETNER,FETROW,FETSCH,FETSKO,FETTER,FETTES,FETTIG,FETZER,FEUCHT,FEUDAL,FEUDED,FEVERS,FEWELL,FEWEST,FIACCO,FIANCE,FIANNA,FIASCO,FIBERS,FIBRIN,FIBULA,FICHUS,FICKEL,FICKEN,FICKER,FICKES,FICKLE,FIDATA,FIDDER,FIDDLE,FIDGET,FIDLER,FIDORA,FIEBER,FIEBIG,FIEGEL,FIEGER,FIELDS,FIENDS,FIERCE,FIEROS,FIERRO,FIERST,FIESER,FIESTA,FIFTEE,FIFTHS,FIGARO,FIGGIE,FIGHTS,FIGLER,FIGLEY,FIGONE,FIGURA,FIGURE,FIJIAN,FILDES,FILENE,FILERS,FILETS,FILIAL,FILICE,FILING,FILION,FILIPA,FILLED,FILLER,FILLET,FILLEY,FILLIP,FILMED,FILMER,FILOSA,FILSON,FILTER,FILTHY,FILYAW,FINALE,FINALS,FINANZ,FINBAR,FINCKE,FINDER,FINELY,FINERY,FINEST,FINGER,FINIAN,FINING,FINISH,FINITE,FINKEL,FINKEN,FINKLE,FINLAY,FINLEY,FINNAN,FINNEY,FINNIE,FINTON,FINUNC,FINZEL,FIPPLE,FIRFER,FIRING,FIRINO,FIRKUS,FIRMAN,FIRMED,FIRMER,FIRMIN,FIRMLY,FIRSTS,FISCAL,FISCHL,FISCUS,FISERV,FISHED,FISHEL,FISHER,FISHES,FISLER,FISONS,FISSEL,FISTED,FISTER,FITFUL,FITTED,FITTER,FITTON,FITTRO,FITZCO,FITZER,FIXATE,FIXING,FIXLER,FIXMER,FIZZLE,FJORDS,FLABBY,FLAKES,FLAMED,FLAMER,FLAMES,FLANGE,FLANKS,FLANNA,FLARED,FLARES,FLASCH,FLASHY,FLASKS,FLATAU,FLATEN,FLATER,FLATLY,FLAUGH,FLAUNT,FLAVIA,FLAVIN,FLAVIO,FLAVOR,FLAWED,FLAYED,FLECKS,FLEDGE,FLEECE,FLEECY,FLEETS,FLEGAL,FLEGEL,FLEISS,FLENER,FLERFU,FLESCH,FLESHY,FLEURI,FLEURY,FLEXED,FLEXER,FLEXES,FLICEK,FLICKR,FLICKS,FLIERS,FLIGHT,FLIMSY,FLINCH,FLINGS,FLINTS,FLINTY,FLIPPO,FLIRTS,FLOATS,FLOCKS,FLODIN,FLOODS,FLOORS,FLOPPY,FLORAL,FLOREA,FLOREK,FLOREN,FLORER,FLORES,FLOREY,FLOREZ,FLORIA,FLORID,FLORIN,FLORIO,FLORIS,FLORRY,FLOTOW,FLOTTA,FLOURS,FLOUTS,FLOWED,FLOWER,FLUENT,FLUFFS,FLUFFY,FLUIDS,FLUITT,FLUKER,FLUKES,FLUMES,FLUNKS,FLURRY,FLUTES,FLYERS,FLYING,FLYTHE,FLYWAY,FODDER,FODERA,FOGLER,FOGLIA,FOGLIO,FOIBLE,FOILED,FOILES,FOJTIK,FOKKER,FOLAND,FOLDED,FOLDEN,FOLDER,FOLGER,FOLINO,FOLKER,FOLKES,FOLKSY,FOLLEY,FOLLIN,FOLLIS,FOLLOW,FOLMAR,FOLMER,FOLSOM,FOLSON,FOMENT,FONDER,FONDLE,FONDLY,FONDUE,FONGER,FONNER,FONTES,FONZIE,FOOBAR,FOODIE,FOOLED,FOOTED,FOOTER,FORAGE,FORAND,FORAYS,FORBAD,FORBES,FORBID,FORBIS,FORBUS,FORCED,FORCES,FORCUM,FOREGO,FORERO,FOREST,FORGED,FORGER,FORGES,FORGET,FORGEY,FORGIE,FORGOT,FORGUE,FORHAN,FORINT,FORKED,FORKER,FORKEY,FORMAL,FORMAN,FORMAT,FORMBY,FORMED,FORMER,FORMIC,FORNAL,FORNER,FORNES,FORNEY,FORRER,FORREY,FORSEE,FORSON,FORTAS,FORTES,FORTIN,FORTIS,FORTNA,FORTON,FORUMS,FOSHEE,FOSKEY,FOSLER,FOSSEL,FOSSEN,FOSSEY,FOSSIL,FOSSUM,FOSTER,FOUCHE,FOUGHT,FOULDS,FOULED,FOULKE,FOULKS,FOURTH,FOUSEK,FOUTCH,FOWBLE,FOWERS,FOWKES,FOWLER,FOWLES,FOXMAN,BALASH,BALATA,FRABLE,FRACAS,FRAGER,FRAHER,FRAINE,FRAIRE,FRAKER,FRAKES,FRALEY,FRALIN,FRALIX,FRAMED,FRAMER,FRAMES,FRANCA,FRANCE,FRANCK,FRANCO,FRANCS,FRANCY,FRANEK,FRANEY,FRANJO,FRANKE,FRANKL,FRANKO,FRANKS,FRANNY,FRANTA,FRANTZ,FRANYO,FRANZE,FRASCA,FRASCH,FRASCO,FRASER,FRATER,FRATES,FRATUS,FRAUDS,FRAVEL,FRAYED,FRAYER,FRAYNE,FRAZEE,FRAZER,FREAKS,FREAKY,FREARS,FREASE,FREDDY,FREDIN,FREELS,FREELY,FREENY,FREESE,FREEST,FREEZE,FREGIA,FREIDY,FREIER,FREIJE,FREIND,FREIRE,FREISE,FREMIN,FRENCH,FRENTZ,FRENZY,FREONS,FRERES,FRESCO,FRESNO,FREUND,FREWEN,FREWIN,FREYER,FREYNE,FREYRE,FREZZA,FRIARS,FRIARY,FRICKE,FRICKS,FRIDAY,FRIDGE,FRIEDA,FRIEDE,FRIEDL,FRIEDT,FRIEND,FRIESE,FRIESS,FRIESZ,FRIEZE,FRIGHT,FRIGID,FRIGON,FRILEY,FRILLS,FRILLY,FRINGE,FRIONA,FRISBY,FRISCH,FRISCO,FRISKE,FRISKY,FRISON,FRITCH,FRITES,FRITOS,FRITTS,FRITZE,FRITZI,FROCKS,FRODER,FROESE,FROGGE,FROLIC,FROMAN,FROMER,FROMME,FRONDE,FRONDS,FRONEK,FRONTS,FRONTZ,FROSCH,FROSTS,FROSTY,FROTHS,FROTHY,FROWNS,FROZEN,FRUGAL,FRUITS,FRUITY,FRUMPY,FRUNZE,FRUSEN,FRYERS,FRYING,FRYMAN,FUCKED,FUCKER,FUDALA,FUDGED,FUELED,FUENTE,FUERST,FUERTH,FUGARD,FUGATE,FUGAZY,FUGERE,FUGETT,FUGITT,FUGUES,FUHRER,FUJIAN,FUJITA,FUJIYA,FUKLAH,FUKUDA,FULANI,FULFER,FULLAM,FULLEN,FULLER,FULMER,FULTON,FULVIA,FUMBLE,FUMING,FUNARI,FUNARO,FUNDED,FUNDER,FUNGAL,FUNGUS,FUNNEL,FUQUAY,FURASH,FURBEE,FURBER,FURINI,FURINO,FURLAN,FURLOW,FURMAN,FURNAS,FURNER,FURNEY,FURRER,FURROW,FURTAK,FURTAW,FURUTA,FURUYA,FUSARO,FUSING,FUSION,FUSNER,FUSSED,FUSSES,FUSTAT,FUSTOK,FUSTON,FUTHER,FUTILE,FUTONS,FUTRAL,FUTURE,FYFFES,FYODOR,GABBRO,GABELE,GABERT,GABLED,GABLER,GABLES,GABRYS,GADDIE,GADDIS,GADDUM,GADFLY,GADGET,GADSBY,GADSON,GADWAY,GAEBEL,GAELIC,GAFFES,GAFFEY,GAFFIN,GAGGED,GAGGLE,GAGLIO,GAGNER,GAGNON,GAIDAR,GAILEY,GAINED,GAINER,GAINES,GAINEY,GAINOR,GAISER,GAITAN,GAITER,GALANE,GALANG,GALANT,GALATI,GALAXY,GALBAN,GALEBS,GALENA,GALESI,GALINA,GALLAS,GALLEN,GALLER,GALLES,GALLET,GALLEY,GALLIA,GALLIC,GALLIK,GALLON,GALLOP,GALLOS,GALLOW,GALLUP,GALLUS,GALOOB,GALORE,GALOSH,GALPIN,GALTON,GALVAN,GALVEN,GALVEZ,GALVIN,GALWAY,GALYEN,GALYON,GAMAGE,GAMBER,GAMBIA,GAMBIT,GAMBLE,GAMBOA,GAMBRO,GAMELY,GAMERS,GAMEST,GAMETE,GAMING,GAMINO,GAMMAL,GAMMEL,GAMMON,GAMONS,GAMPER,GANDEE,GANDER,GANDHI,GANGER,GANGES,GANGLY,GANLEY,GANNON,GANONG,GANSEN,GANSER,GANSKE,GANSON,GANTER,GANTOS,GANTRY,GANZEL,GANZER,GAPING,GARAGE,GARAND,GARANT,GARARD,GARBED,GARBER,GARBLE,GARCES,GARCIA,GARDEA,GARDEN,GARDIN,GAREAU,GARETH,GARETT,GARGAN,GARGER,GARGES,GARGIS,GARGUS,GARING,GARISH,GARITY,GARLAN,GARLIC,GARLOW,GARMAN,GARMON,GARNER,GARNES,GARNET,GARNEY,GAROLS,GARONE,GARREN,GARRET,GARREY,GARRIS,GARROD,GARROL,GARRON,GARROS,GARROW,GARROZ,GARSKE,GARSON,GARTEN,GARTER,GARTIN,GARTON,GARUDA,GARVER,GARVEY,GARVIE,GARVIN,GARWIN,GARZON,GASCON,GASHED,GASHES,GASICH,GASIFY,GASIOR,GASKET,GASKEY,GASKIN,GASNER,GASPAR,GASPED,GASPER,GASQUE,GASSED,GASSEE,GASSEN,GASSER,GASSES,GASTER,GASTON,GASTRO,GATEAU,GATELY,GATHER,GATIEN,GATING,GATLEY,GATLIN,GATOIL,GATORS,GATSBY,GATSON,GATTEN,GATTIS,GATTON,GATZKE,GAUCHE,GAUCHO,GAUDET,GAUDIN,GAUDIO,GAUGED,GAUGER,GAUGES,GAULAN,GAULIN,GAULKE,GAULLE,GAUMER,GAUNCE,GAUNTT,GAUVIN,GAVITT,GAVLAK,GAVRAS,GAWAIN,GAWKER,GAWLIK,GAWRON,GAYDAR,GAYDEN,GAYDOS,GAYLER,GAYLES,GAYLOR,GAYMAN,GAYMON,GAYNER,GAYNOR,GAYTAN,GAYTON,GAZANS,GAZDIK,GAZETA,GAZING,GDANSK,GEAGEA,GEARAN,GEARED,GEAREY,GEARIN,GEBBIA,GEBBIE,GEBERT,GEBLER,GECHEM,GECKOS,GEDDES,GEDDIE,GEDDIS,GEDEON,GEDNEY,GEDULD,GEEING,GEENEN,GEERTS,GEESEY,GEFFEN,GEFFRE,GEHMAN,GEHRES,GEHRET,GEHRIG,GEHRIS,GEHRKE,GEIBEL,GEIDAR,GEIDEL,GEIGER,GEIGLE,GEIKEN,GEILER,GEIMAN,GEIMER,GEISEL,GEISEN,GEISER,GEISHA,GELBER,GELDER,GELETT,GELLER,GELLES,GELLIS,GELMAN,GELVIN,GEMINA,GEMINI,GEMMER,GENADY,GENCOR,GENDER,GENEEN,GENEGO,GENERA,GENERO,GENEVA,GENEVE,GENGER,GENIAL,GENIUS,GENMAR,GENOME,GENOVA,GENRAD,GENRES,GENSEL,GENSIA,GENSKE,GENSON,GENTER,GENTLE,GENTLY,GENTRY,GENUNG,GEORGE,GEORGI,GEORGY,GEOTEK,GERACE,GERACI,GERAIS,GERALD,GERARD,GERBER,GERBIG,GERDES,GERDTS,GERENA,GERETY,GERGEL,GERGEN,GERGER,GERICH,GERING,GERKEN,GERKIN,GERMAN,GERMER,GERNER,GEROLD,GEROME,GEROUX,GERRIE,GERRIT,GERSCH,GERSKI,GERSON,GERTIE,GERWIG,GERWIN,GESELL,GESNER,GESSEL,GESTAL,GETMAN,GETTEL,GETTER,GETTIS,GETTLE,GETTYS,GEURIN,GEURTS,GEVING,GEWGAW,GEYSER,GHAFAR,GHANDI,GHERIG,GHETTO,GHEZZI,GHITIS,GHOSTS,GHOULS,GHRIST,GHULAM,GIACCO,GIAIMO,GIAMPA,GIANNI,GIANTS,GIARDI,GIBBLE,GIBBON,GIBEAU,GIBERT,GIBIAN,GIBLEN,GIBLER,GIBLET,GIBLIN,GIBNEY,GIBRAN,GIBSON,GIDEON,GIDGET,GIDLEY,GIDNEY,GIEBEL,GIEFER,GIEGER,GIELOW,GIENOW,GIERKE,GIESEN,GIESER,GIESEY,GIESKE,GIFFEN,GIFFIN,GIFTED,GIGGLE,GIGGLY,GIGLIA,GIGLIO,GIGNAC,GIGOLO,GILBEY,GILBOY,GILDAY,GILDEA,GILDED,GILDEN,GILDER,GILDON,GILEAD,GILGER,GILGIT,GILHAM,GILKES,GILKEY,GILLAM,GILLAN,GILLEM,GILLEN,GILLER,GILLES,GILLET,GILLEY,GILLIE,GILLIG,GILLIN,GILLIS,GILLON,GILLUM,GILMAN,GILMER,GILPIN,GILROY,GILSON,GILVIN,GIMBEL,GIMLET,GIMLIN,GIMPEL,GINDER,GINDIN,GINGER,GINGKO,GINLEY,GINNED,GINNIE,GINTEL,GINTER,GIONET,GIORGI,GIPPER,GIPPLE,GIPSON,GIRARD,GIRAUD,GIRDER,GIRDLE,GIRGIS,GIRIJA,GIRLIE,GIROIR,GIROUX,GIRSKY,GIRTEN,GIRTON,GIRVAN,GIRVEN,GIRVIN,GISELA,GISLER,GITANA,GITANO,GITLIN,GITTER,GITTIS,GIULIO,GIUNTA,GIUSTI,GIUSTO,GIVENS,GIVERS,GIVETH,GIVHAN,GIVING,GIVINS,GIVLER,GIZMOS,GJERDE,GLACIS,GLADES,GLADIS,GLADJE,GLADLY,GLADYS,GLAMOR,GLANCE,GLANCY,GLANDS,GLANTZ,GLARED,GLARES,GLARIS,GLASBY,GLASCO,GLASER,GLASOW,GLASPY,GLASSY,GLAUDE,GLAVAN,GLAVIN,GLAZED,GLAZER,GLAZES,GLEAMS,GLEAVE,GLEICH,GLENDA,GLENNA,GLENNY,GLIBLY,GLIDED,GLIDER,GLIDES,GLINES,GLINKA,GLITCH,GLITZY,GLOATS,GLOBAL,GLOBES,GLOBEX,GLOBUS,GLOEDE,GLOMAR,GLOOMY,GLOPPY,GLORIA,GLOSSY,GLOVED,GLOVER,GLOVES,GLOWED,GLOWER,GLUECK,GLUMLY,GLUNTZ,GLUTEN,GLYCEL,GLYCOL,GLYMPH,GLYNIS,GNAGEY,GNARLE,GNARLS,GNARLY,GNAWED,GNEISS,GNOMES,GNOMIC,GOADED,GOALIE,GOATEE,GOATES,GOBAIN,GOBBLE,GOBERT,GOBLET,GOBLIN,GOCKEL,GODARD,GODART,GODBEE,GODBEY,GODDAM,GODDEN,GODINA,GODINE,GODING,GODINO,GODIVA,GODKIN,GODLEY,GODMAN,GODOWN,GODREJ,GODSEY,GODWIN,GOEBEL,GOECKE,GOEDDE,GOEDEN,GOEKEN,GOEMAN,GOEMON,GOERKE,GOERTZ,GOESER,GOETHE,GOETTE,GOETTL,GOETZE,GOEWEY,GOFFIN,GOGGIN,GOGGLE,GOGLIA,GOGUEN,GOHEEN,GOHLKE,GOHMAN,GOINES,GOINGS,GOITER,GOKSEL,GOLAND,GOLDEN,GOLDER,GOLDEY,GOLDIE,GOLDIN,GOLFED,GOLFER,GOLFIE,GOLKAR,GOLLER,GOLLUM,GOLOMB,GOLSON,GOMBAR,GOMBOS,GOMERY,GOMOLL,GOMORY,GONADS,GONDEK,GONDER,GONIUM,GONSER,GONYEA,GONYER,GOODBY,GOODEN,GOODER,GOODIE,GOODIN,GOODLY,GOOFED,GOOGIN,GOOGLE,GOOKIN,GOOLEY,GOONAN,GOOSBY,GOOSEN,GOOSEY,GOOTEE,GOPHER,GORDAN,GORDEN,GORDER,GORDIE,GORDIN,GORDJI,GORDON,GORGAS,GORGES,GORGON,GORHAM,GORING,GORLEY,GORMAN,GORMLY,GORNEY,GORNIK,GORNTO,GORRID,GORSKI,GORSKY,GORTER,GORTON,GOSDIN,GOSHEN,GOSLEE,GOSLIN,GOSMAN,GOSNEY,GOSPEL,GOSSEN,GOSSER,GOSSIP,GOSTEV,GOTAAS,GOTCHA,GOTHAM,GOTHIC,GOTSCH,GOTTEN,GOTTIS,GOUDIE,GOUGED,GOUGER,GOUKER,GOULET,GOUNOD,GOUPIL,GOURDS,GOUSHA,GOUTAL,GOUVEA,GOVERN,GOVETT,GOVIER,GOVONI,GOWANS,GOWARD,GOWELL,GOWENS,GOWING,GOWINS,GOYNES,GRABAU,GRABBE,GRABEL,GRABEN,GRABER,GRABLE,GRABOW,GRABOY,GRACED,GRACES,GRACEY,GRACIA,GRACIE,GRADCO,GRADDY,GRADED,GRADEL,GRADEN,GRADER,GRADES,GRADOV,GRADUS,GRAEFE,GRAEFF,GRAEME,GRAETZ,GRAFTS,GRAHAM,GRAHEK,GRAINS,GRAINY,GRALEY,GRAMER,GRAMES,GRAMMS,GRAMMY,GRAMZA,GRANAT,GRANDA,GRANDE,GRANDI,GRANDS,GRANDT,GRANDY,GRANER,GRANEY,GRANGE,GRANNY,GRANTS,GRANTZ,GRANUM,GRAPER,GRAPES,GRAPHS,GRASER,GRASPS,GRASSE,GRASSI,GRASSL,GRASSO,GRASSY,GRASTY,GRATED,GRATER,GRATES,GRATIS,GRAUEL,GRAUER,GRAVEL,GRAVEN,GRAVER,GRAVES,GRAYER,GRAZED,GRAZER,GREASE,GREASY,GREATS,GREAVE,GREBER,GRECCO,GRECKO,GREDEL,GREEAR,GREECE,GREEDY,GREEKS,GREELY,GREENE,GREENO,GREENS,GREETS,GREGER,GREGGS,GREGOR,GREGUS,GREIFF,GREITZ,GREIWE,GRELLA,GRELLE,GRENDA,GRENON,GRESKO,GRETAL,GRETEL,GRETNA,GREUEL,GREVER,GREWAL,GRIDER,GRIECO,GRIEGO,GRIEME,GRIESA,GRIESE,GRIESS,GRIEST,GRIEVE,GRIFFO,GRIFFY,GRIGAS,GRIGGS,GRIGGY,GRILLE,GRILLI,GRILLO,GRILLS,GRIMES,GRIMLY,GRIMME,GRINCH,GRINDE,GRINDS,GRINER,GRINGO,GRIPED,GRIPES,GRIPPI,GRIPPO,GRISBY,GRISLY,GRISSO,GRITES,GRITTY,GRIVAS,GROANS,GROBEN,GROBER,GROCER,GRODEN,GRODIN,GROENE,GROGAN,GROGGY,GROINS,GROMAN,GROMEK,GROMER,GROMES,GRONAU,GRONER,GROOME,GROOMS,GROOVE,GROOVY,GROPED,GROPPY,GROSCH,GROSSE,GROSSI,GROSSO,GROTHE,GROTON,GROTTO,GROUCH,GROULX,GROUND,GROUPE,GROUPS,GROUSE,GROVEL,GROVER,GROVES,GROWER,GROWLS,GROWTH,GROZNY,GRUBBS,GRUBBY,GRUBEN,GRUBER,GRUCCI,GRUDGE,GRULKE,GRUMPY,GRUNDY,GRUNER,GRUNGE,GRUNGY,GRUNOW,GRUNTS,GRUPPO,GRUVER,GRYDER,GUARDS,GUARIN,GUASCH,GUAVAS,GUBLER,GUBSER,GUCCIO,GUDGEL,GUDGER,GUDINO,GUEDRY,GUENNA,GUERIN,GUERRA,GUERRE,GUERRY,GUESTS,GUFFAW,GUFFEY,GUFFIN,GUGINO,GUIANA,GUIDED,GUIDER,GUIDES,GUIDRY,GUILDS,GUILES,GUILIN,GUILLA,GUILTY,GUINAN,GUINEA,GUINEY,GUINTA,GUINTO,GUISES,GUITAR,GUIZAR,GULDIN,GULICK,GULINO,GULLAH,GULLET,GULLEY,GULPED,GULYAS,GUMAER,GUMBEL,GUMINA,GUMMED,GUNADI,GUNDEL,GUNDER,GUNDLE,GUNDOG,GUNDRY,GUNKEL,GUNMAN,GUNMEN,GUNNAR,GUNNED,GUNNER,GUNNOE,GUNTER,GUNTUR,GUPTON,GURGLE,GURIAN,GURION,GURKIN,GURLEY,GURNEE,GURNEY,GURRIA,GURSKI,GURSKY,GURULE,GUSHED,GUSHER,GUSHES,GUSLAN,GUSLER,GUSMAN,GUSSIE,GUSTAF,GUSTAV,GUSTED,GUSTER,GUSTIN,GUSTON,GUSTUS,GUTMAN,GUTTED,GUTTER,GUYANA,GUYETT,GUYMON,GUYNES,GUYTON,GUZMAN,GUZZLE,GWENDA,GWOZDZ,GWYNNE,GYOSAI,GYPPED,GYPSUM,GYRATE,HAACKE,HAAGEN,HABBEN,HABEAS,HABECK,HABEEB,HABERL,HABIBI,HABICH,HABITS,HACHEY,HACKED,HACKEL,HACKER,HACKLE,HADDAD,HADDAN,HADDEN,HADDON,HADDOW,HADLER,HADLEY,HADNOT,HADOYA,HADRIA,HADRON,HADSON,HADWIN,HAEGER,HAENEL,HAFELE,HAFFEY,HAFFEZ,HAFLEY,HAFNER,HAFNIA,HAGANS,HAGENS,HAGGAN,HAGGAR,HAGGLE,HAGINS,HAGLER,HAGLEY,HAGMAN,HAGNER,HAGOOD,HAHNER,HAIDEE,HAIDER,HAIDET,HAIGHT,HAIKUS,HAILED,HAILES,HAILEY,HAIMES,HAINAN,HAINER,HAINES,HAINEY,HAIRDO,HAIRED,HAITIS,HAJDUK,HAJIME,HAJJAR,HAKALA,HAKEEM,HALAMA,HALASZ,HALBIG,HALBUR,HALDAN,HALDEN,HALDER,HALEVI,HALIDE,HALIFA,HALIMA,HALITE,HALLAM,HALLAS,HALLEN,HALLER,HALLET,HALLEY,HALLIE,HALLIN,HALLOW,HALLUM,HALMOS,HALPER,HALPIN,HALSEY,HALTED,HALTER,HALTOM,HALTON,HALVED,HALVES,HAMADA,HAMADI,HAMANN,HAMBLY,HAMBRO,HAMDAN,HAMDUN,HAMIEL,HAMILL,HAMISH,HAMLER,HAMLET,HAMLEY,HAMLIN,HAMMAC,HAMMAN,HAMMAR,HAMMAS,HAMMEL,HAMMEN,HAMMER,HAMMES,HAMMON,HAMNER,HAMPEL,HAMPER,HAMPLE,HAMRIC,HAMSON,HANCOX,HANDED,HANDEL,HANDER,HANDKE,HANDLE,HANDLY,HANEDA,HANGAR,HANGED,HANGEN,HANGER,HANGUL,HANGUP,HANING,HANISH,HANJIN,HANKEL,HANKEN,HANKER,HANKES,HANKEY,HANKIN,HANKLA,HANLEY,HANLIN,HANLON,HANMER,HANNAH,HANNAM,HANNAN,HANNAY,HANNEN,HANNER,HANNES,HANNEY,HANNIE,HANNIG,HANNIS,HANNON,HANNUM,HANOLD,HANSEL,HANSEN,HANSER,HANSMA,HANSOM,HANSON,HANTEN,HANVEY,HANWAY,HANZEL,HAPNER,HAPPEL,HAPPEN,HARADA,HARALD,HARARE,HARASS,HARBER,HARBIN,HARBOR,HARCUM,HARDEE,HARDEN,HARDER,HARDEY,HARDIE,HARDIN,HARDLY,HARGAN,HARGER,HARGIS,HARGUS,HARIMA,HARING,HARIRI,HARKEN,HARKER,HARKEY,HARKIN,HARLAN,HARLEM,HARLEY,HARLIN,HARLOT,HARLOW,HARMAN,HARMED,HARMEL,HARMEN,HARMER,HARMES,HARMON,HARNED,HARNER,HARNEY,HAROLD,HARPED,HARPEL,HARPER,HARPIN,HARPST,HARRAH,HARRAL,HARREL,HARREN,HARRER,HARRIS,HARROD,HARRON,HARROP,HARROW,HARSCH,HARSCO,HARSHA,HARTEL,HARTEN,HARTER,HARTIG,HARTIN,HARTIS,HARTJE,HARTKE,HARTLE,HARTOG,HARTON,HARVEL,HARVEY,HARVIE,HARVIN,HASBRO,HASHED,HASHEM,HASHER,HASHES,HASHIM,HASHMI,HASIDS,HASKEW,HASKIN,HASLAM,HASLER,HASLEY,HASMAN,HASPEL,HASSAN,HASSEL,HASSEN,HASSEY,HASSIG,HASSLE,HASSON,HASTEN,HASTEY,HASTIE,HASTON,HATALA,HATERS,HATING,HATLER,HATLEY,HATRED,HATTAN,HATTEN,HATTER,HATTIE,HATTON,HAUBER,HAUFER,HAUGAN,HAUGEN,HAUGER,HAUGHN,HAUGHT,HAULED,HAULER,HAUNTS,HAUSCH,HAUSEN,HAUSER,HAUSKY,HAUTER,HAUVER,HAVANA,HAVARD,HAVENS,HAVIER,HAVILL,HAVING,HAVINS,HAVLIK,HAVLIN,HAVNER,HAVRAN,HAVRON,HAWAII,HAWASS,HAWING,HAWKED,HAWKEN,HAWKER,HAWKES,HAWKEY,HAWLEY,HAWVER,HAXTON,HAYDEL,HAYDEN,HAYDON,HAYDUK,HAYING,HAYLES,HAYLEY,HAYMAN,HAYMES,HAYMON,HAYNER,HAYNES,HAYNIE,HAYTER,HAYTON,HAZARD,HAZELL,HAZIER,HAZING,HEACOX,HEADED,HEADEN,HEADER,HEAGLE,HEALED,HEALER,HEALEY,HEALTH,HEANEY,HEAPED,HEAPHY,HEARER,HEARIN,HEARNE,HEARNS,HEARON,HEARSE,HEARST,HEARTH,HEARTS,HEARTY,HEATED,HEATER,HEATON,HEAVED,HEAVEN,HEAVES,HEAVEY,HEAVIN,HEBARD,HEBERT,HEBNER,HEBREW,HEBRON,HECKEL,HECKER,HECKLE,HECTIC,HECTOR,HECUBA,HEDDEN,HEDEEN,HEDGED,HEDGER,HEDGES,HEDLEY,HEDMAN,HEDTKE,HEDWIG,HEEDED,HEEKIN,HEELAN,HEELED,HEENAN,HEENEY,HEEREN,HEESCH,HEETER,HEFFEL,HEFLER,HEFLEY,HEFLIN,HEFNER,HEFTER,HEGGEN,HEGGIE,HEGLER,HEGNER,HEHMAN,HEIBEL,HEIDEL,HEIDEN,HEIDER,HEIFER,HEIGES,HEIGHT,HEIKEN,HEIKES,HEILER,HEILIG,HEIMAN,HEIMER,HEINDL,HEINEN,HEINER,HEINES,HEINEY,HEINIG,HEINKE,HEINLE,HEINLY,HEINTZ,HEINZE,HEIPLE,HEISEL,HEISER,HEISEY,HEIZER,HEKKER,HELABA,HELANE,HELBER,HELBIG,HELDER,HELDOR,HELENA,HELENE,HELENS,HELFER,HELGET,HELICE,HELING,HELIOS,HELIUM,HELLEN,HELLER,HELMAN,HELMER,HELMES,HELMET,HELMIG,HELMKE,HELMUT,HELOTS,HELPED,HELPER,HELSEL,HELSER,HELTER,HELTON,HELVEY,HELVIE,HELWIG,HELZER,HEMANI,HEMANN,HEMANT,HEMING,HEMKER,HEMLER,HEMMED,HEMMEN,HEMMER,HEMOND,HEMPEL,HEMPEN,HEMRIC,HENARD,HENDEE,HENDEL,HENDON,HENDRA,HENDRY,HENERY,HENGEL,HENGST,HENION,HENKEL,HENKEN,HENKES,HENKIN,HENKLE,HENLEY,HENMAN,HENNAN,HENNEN,HENNER,HENNES,HENNEY,HENNIG,HENNIS,HENNON,HENRIE,HENRIK,HENSCH,HENSEL,HENSEN,HENSIL,HENSKE,HENSON,HENTIC,HENTON,HENZEL,HEPFER,HEPKER,HEPLER,HEPNER,HEPPER,HERALD,HERBAL,HERBEL,HERBER,HERBIE,HERBIG,HERBIN,HERBST,HERCEG,HERDAL,HERDED,HERDER,HEREBY,HEREIN,HERESY,HERGET,HERING,HERMAN,HERMES,HERMIA,HERMIE,HERMIT,HERMON,HERNAN,HERNER,HERNIA,HERNON,HEROES,HEROIC,HEROIN,HEROLD,HERONS,HEROUX,HERPES,HERREN,HERRIG,HERRIN,HERRLE,HERROD,HERRON,HERSCH,HERSCU,HERSEY,HERSOM,HERSON,HERTEL,HERTER,HERTHA,HERTIG,HERTOG,HERVEY,HERWIG,HERZER,HERZIG,HERZOG,HESIOD,HESLEP,HESLER,HESLIN,HESLOP,HESPER,HESSEL,HESSER,HESSON,HESTER,HESTIA,HESTON,HETMAN,HETTEL,HETTIE,HETZEL,HETZER,HEUMAN,HEUPEL,HEUSEN,HEUSER,HEVNER,HEWARD,HEWELL,HEWETT,HEWING,HEWINS,HEWITT,HEWLER,HEWSON,HEXANE,HEXCEL,HEYDAY,HEYDEN,HEYDON,HEYING,HEYMAN,HEYSER,HIATUS,HIBAAQ,HIBBEN,HIBDON,HIBLER,HIBNER,HICCUP,HICKAM,HICKEL,HICKEN,HICKEY,HICKLE,HICKOK,HICKOX,HIDDEN,HIDING,HIEBER,HIEGEL,HIGBEE,HIGBIE,HIGDON,HIGGEN